airbnb	bnb
bnb	bnb
GPS	GPS
pad	pad
平板电脑	pad
Lonely Planet	书籍
Spa	SPA
SPA	SPA
水疗	SPA
精油	SPA
wifi	wifi
Wifi	wifi
Wi-Fi	wifi
WIFI	wifi
免费WIFI	wifi
无线网络	wifi
机场wifi	wifi
机场免费WIFI	wifi
素万那普机场免费WIFI	wifi
网络	wifi
七夕	七夕
七夕专场	七夕
相约七夕	七夕
上午	上午
上旬	上旬
WIFI	上网
上网	上网
上网卡	上网卡
上课	上课
上面	上面
下午	下午
下雨	下雨
雨天	下雨
下面	下面
不能	不能
世界杯	世界杯
倾家荡产世界杯	世界杯
决战世界杯	世界杯
巴西世界杯	世界杯
丛林	丛林
丛林飞越	丛林飞跃
丛林飞跃	丛林飞跃
清迈丛林飞跃	丛林飞跃
两栖动物	两栖动物
中午	中午
中华料理	中华料理
中餐	中华料理
中央车站	中央车站
中年	中年
义工	义工
乌龟	乌龟
习俗	习俗
入乡随俗	习俗
书店	书店
先锋书店	书店
小小旅游书店	书店
诚品书店	书店
书籍	书籍
亚洲料理	亚洲料理
交流	交流
沟通	交流
丽江古镇和束河古镇之间的交通	交通
乘坐	交通
乘车攻略	交通
交通	交通
交通信息	交通
交通安全	交通
交通工具	交通
交通攻略	交通
交通方式	交通
交通贴士	交通
从丽江到泸沽湖的交通	交通
免费交通	交通
公交	交通
公共交通	交通
出行	交通
到棉花堡交通时刻表	交通
城际交通	交通
如何到达	交通
布拉格交通	交通
当地交通	交通
换钱	交通
最佳交通	交通
海上交通	交通
车船联运	交通
转车	交通
T-Money	交通卡
交通一卡通	交通卡
交通卡	交通卡
充值	交通卡
八达通	交通卡
八达通卡	交通卡
悠游卡	交通卡
交通规则	交通规则
驾驶规则	交通规则
享受	享受
享受阳光	享受
亭台	亭台
八角亭	亭台
开封龙亭	亭台
亲友	亲友
亲子	亲子
亲子游	亲子
宝贝机	亲子
三轮车	人力车
人力车	人力车
越南河内客先死	人力车
人妖	人妖
人妖秀	人妖
西蒙人妖秀	人妖
人山人海	人山人海
人群	人群
人行道	人行道
代理	代理
代理费	代理
淘宝代办	代理
1美元	价格
价格	价格
便宜	价格
划算	价格
半价	价格
昂贵	价格
最低价格	价格
物价	价格
特价信息	价格
砍价	价格
企鹅	企鹅
企鹅岛	企鹅
蓝眼企鹅	企鹅
伊斯兰	伊斯兰教
伊斯兰教	伊斯兰教
古兰经	伊斯兰教
穆斯林	伊斯兰教
休息	休息
睡觉	休息
休息室	休息室
休闲	休闲放松
休闲放松	休闲放松
会所	会所
传教	传教
辩经	传教
传统	传统
传说	传说
交通便利	位置
位置	位置
便利	位置
地点	位置
市中心	位置
市区	位置
附近	位置
中珠新村	住宅
住宅	住宅
住宿	住宿
住宿推荐	住宿
住宿条件	住宿
廉价住宿	住宿
房型	住宿
清迈住宿	住宿
订房	住宿
订房网站	住宿
高品质住宿	住宿
高端住宿	住宿
体育	体育
谁是冠军	体育
体育中心	体育中心
奥帆中心	体育中心
奥林匹克体育中心	体育中心
奥林匹克公园	体育中心
日照世帆赛基地	体育中心
体育馆	体育馆
高雄巨蛋	体育馆
体验	体验
中原大佛	佛像
乐山大佛	佛像
乐山大佛景区	佛像
佛像	佛像
千佛崖摩崖造像	佛像
四面佛	佛像
天坛大佛	佛像
灵山大佛	佛像
佛塔	佛塔
博大哈佛塔	佛塔
占婆塔	佛塔
万佛楼	佛教
佛学院	佛教
佛教	佛教
地藏王菩萨	佛教
菩萨	佛教
阿弥陀佛	佛教
作家	作家
促销	促销
保护区	保护区
四野屯	保护区
白马雪山国家级自然保护区	保护区
神农架	保护区
茂兰国家级自然保护区	保护区
西藏纳木错自然保护区	保护区
保暖	保暖
信仰	信仰
信徒	信仰
宗教信仰	信仰
虔诚	信仰
visa	信用卡
Visa信用卡	信用卡
信用卡	信用卡
刷卡	信用卡
刷卡消费	信用卡
支付宝	信用卡
现金	信用卡
白金卡	信用卡
金卡	信用卡
银联卡	信用卡
Hermitage	修道院
修道院	修道院
塞南克修道院	修道院
倒影	倒影
借宿	借宿
做鬼脸	做鬼脸
停车	停车
停车场	停车场
傍晚	傍晚
傍晚时分	傍晚
黄昏	傍晚
儿童乐园	儿童乐园
儿童活动	儿童活动
充电器	充电器
充电宝	充电器
充电转换器	充电器
先生	先生
乐天	免税店
乐天免税店	免税店
乐天网上免税店	免税店
免税	免税店
免税店	免税店
机场免税店	免税店
面膜	免税店
免费	免费
周三免费	免费
牵手免费游香港	免费
八卦	八卦
公主	公主
茜茜公主	公主
公交	公交车
公交车	公交车
公车	公交车
布拉格公交自助售票机	公交车
旅游专线	公交车
Kokyogaien	公园
上野公园	公园
东芭乐园	公园
东陵公园	公园
中央公园	公园
中山公园	公园
主题公园	公园
九龙公园	公园
人民公园	公园
信号山公园	公园
公园	公园
兴庆宫公园	公园
凤凰岭公园	公园
北京景山公园	公园
北方兵器工业城	公园
北海公园	公园
北陵公园	公园
南京梅花山	公园
厦门白鹭洲公园	公园
后海	公园
后滩公园	公园
圆明园	公园
大阪城公园	公园
太平角公园	公园
奈良公园	公园
宗角禄康公园	公园
成都人民公园	公园
文瀛公园	公园
斯大林公园	公园
新宿御苑	公园
新西兰皇后公园	公园
月亮湖公园	公园
桂林公园	公园
民俗公园	公园
海埂公园	公园
海德公园	公园
深圳莲花山公园	公园
漕河泾公园	公园
猴子公园	公园
玄武湖公园	公园
白鹭公园	公园
百花潭公园	公园
离堆公园	公园
翠湖公园	公园
莲湖公园	公园
虞山公园	公园
顾村公园	公园
马鞍山公园	公园
鱼峰公园	公园
鲁迅公园	公园
鳌园	公园
鹅岭公园	公园
鹿回头公园	公园
龙潭公园	公园
公安局	公安局
油麻地警署	公安局
警察局	公安局
警署	公安局
公寓	公寓
酒店式公寓	公寓
318.0	公路
66号公路	公路
中环	公路
公路	公路
川藏线	公路
川藏路	公路
养老院	养老院
冒牌	冒牌
军事设施	军事设施
奥斯维辛集中营	军事设施
荣许兵站	军事设施
防空洞	军事设施
军人	军人
军校	军校
西点军校	军校
农业建筑	农业建筑
农场	农场
华欣绵羊园	农场
农家乐	农家乐
地道农家鲜	农家乐
农庄	农庄
薰衣草庄园	农庄
农田	农田
德国田野	农田
稻田	农田
螺丝田	农田
冬天	冬天
冬季	冬天
看雪	冬天
结冰	冬天
冰原	冰原
二号营地	冰川
冰川	冰川
四号营地	冰川
明永冰川	冰川
海螺沟	冰川
米堆冰川	冰川
雨崩	冰川
冰淇淋	冰淇淋
冰激凌	冰淇淋
华夫	冰淇淋
富豪雪糕车	冰淇淋
椰子冰淇淋	冰淇淋
冰球	冰球
哈尔滨冰球馆	冰球
冰雕	冰雕
雪博会	冰雕
冰雪	冰雪
哈尔滨冰雪乐园	冰雪
冲浪	冲浪
冲浪圣地	冲浪
垦丁冲浪	冲浪
冷清	冷清
冷饮	冷饮
椰子冰	冷饮
凉粉	凉面
凉面	凉面
凌晨	凌晨
入关	出入境
入境	出入境
入境单	出入境
入境卡	出入境
入境规则	出入境
出入境	出入境
出入境卡	出入境
出入境登记卡	出入境
出关	出入境
出境	出入境
出境卡	出入境
托运行李	出入境
樟木口岸	出入境
深圳湾口岸	出入境
禁止入境	出入境
离境	出入境
边境口岸	出入境
边防证	出入境
过关	出入境
过境	出入境
通关	出入境
韩国入境单	出入境
出名	出名
出租	出租
租用	出租
Taxi	出租车
公交	出租车
公车	出租车
出租车	出租车
打车	出租车
打车攻略	出租车
的士	出租车
起步价	出租车
车费	出租车
黑车	出租车
798.0	创意园
东郊记忆	创意园
八号桥时尚生活设计廊	创意园
创意园	创意园
文化创意产业园	创意园
东海别墅	别墅
别墅	别墅
花石楼	别墅
马勒别墅	别墅
前面	前面
东京巨蛋	剧院
剧场	剧院
剧院	剧院
大剧院	剧院
剪影	剪影
动作	动作
姿势	动作
手势	动作
动物	动物园
动物园	动物园
北京动物园	动物园
大熊猫	动物园
大熊猫基地	动物园
大连森林动物园	动物园
常州淹城野生动物园	动物园
成都大熊猫繁育基地	动物园
新加坡动物园	动物园
江苏淹城野生动物世界	动物园
清迈动物园	动物园
清迈夜间动物园	动物园
迪拜动物园	动物园
长隆香江野生动物世界	动物园
包子	包子
南翔小笼包	包子
招牌小笼包	包子
生煎	包子
boots	化妆品
保湿	化妆品
化妆品	化妆品
护肤	化妆品
欧舒丹	化妆品
欧莱雅化妆品购买攻略	化妆品
药妆	化妆品
药妆店	化妆品
谢馥春	化妆品
资生堂	化妆品
香水	化妆品
化石	化石
医护	医护
吸氧	医护
氧气	医护
氧气瓶	医护
耳压平衡	医护
高原反应	医护
高反	医护
医药	医药
龙城大药房	医药
医院	医院
午餐	午餐
午饭	午餐
半夜	半夜
半岛	半岛
泸沽湖里格半岛	半岛
甲米	半岛
神仙半岛	半岛
里格半岛	半岛
一个人	单身
单身	单身
单车	单车
骑单车	单车
teddy博物馆	博物馆
上海博物馆	博物馆
上海杜莎夫人蜡像馆	博物馆
中华艺术宫	博物馆
中国馆	博物馆
仁慈堂博物馆	博物馆
克拉科夫纺织会馆	博物馆
内蒙古博物馆	博物馆
军事博物馆	博物馆
农博园	博物馆
北京故宫	博物馆
北京电影博物馆	博物馆
半坡遗址博物馆	博物馆
南京博物院	博物馆
南京博物馆	博物馆
博物院	博物馆
博物馆	博物馆
卢浮宫	博物馆
台北故宫博物院	博物馆
唐山博物馆	博物馆
啤酒博物馆	博物馆
国家博物馆	博物馆
国家天文馆	博物馆
国立博物馆	博物馆
国立故宫博物院	博物馆
城市博物馆	博物馆
大唐西市博物馆	博物馆
大英博物馆	博物馆
大连贝壳博物馆	博物馆
大都会艺术博物馆	博物馆
天文馆	博物馆
太空馆	博物馆
奥赛博物馆	博物馆
宝贝	博物馆
广东会馆	博物馆
徐州博物馆	博物馆
总统府	博物馆
故宫博物院	博物馆
故宫	博物馆
明孝陵博物馆	博物馆
民俗博物馆	博物馆
沈阳故宫	博物馆
济南商埠文化博物馆	博物馆
海军博物馆	博物馆
湖北省博物馆	博物馆
澳门博物馆	博物馆
炸酱面博物馆	博物馆
现代艺术博物馆	博物馆
珍宝馆	博物馆
百年鼓浪屿博物馆	博物馆
硬币博物馆	博物馆
碑林博物馆	博物馆
福尔摩斯博物馆	博物馆
秦始皇兵马俑博物馆	博物馆
纺织博物馆	博物馆
纽约现代艺术博物馆	博物馆
航空馆	博物馆
艾尔米塔什博物馆	博物馆
苏州丝绸博物馆	博物馆
苏州博物馆	博物馆
藏品	博物馆
藤子·F·不二雄博物馆	博物馆
西夏博物馆	博物馆
西安博物院	博物馆
西藏博物馆	博物馆
迪拜博物馆	博物馆
邮政博物馆	博物馆
邮电博物馆	博物馆
邮票博物馆	博物馆
金沙遗址博物馆	博物馆
钢琴博物馆	博物馆
长沙简牍博物馆	博物馆
陕西历史博物馆	博物馆
风琴博物馆	博物馆
香港杜莎夫人蜡像馆	博物馆
马王堆博物馆	博物馆
鼓浪屿蜡像馆	博物馆
世博会	博览会
博览会	博览会
印记	印记
危险	危险
害怕	危险
惊险	危险
打滑	危险
注意安全	危险
厂房	厂房
历史	历史
抗日战争	历史
滇西抗日战争	历史
西安事变	历史
历史信息	历史信息
厕所	厕所
洗手间	厕所
洗澡	厕所
原住民	原住民
原生态	原生态
免费参观	参观
参观	参观
五月天《小太阳》MV取景地之一	取景地
取景地	取景地
哈利波特电影中的场景	取景地
电影诺丁山场景地	取景地
取笑	取笑
口味	口味
口岸	口岸
霍尔果斯口岸	口岸
古代	古代
古代壁画	古代壁画
白沙壁画	古代壁画
丹洲古城	古城
丽江古城	古城
伯尔尼老城	古城
八角城	古城
兴城古城	古城
凤凰古城	古城
古城	古城
古城外	古城
地下城	古城
大理古城	古城
大研古城	古城
太昭古城	古城
平遥古城	古城
庞培	古城
敦煌古城	古城
昭化古城	古城
木府	古城
清迈古城	古城
独克宗古城	古城
皇城	古城
赛尔丘克	古城
阆中古城	古城
雅典卫城	古城
额济纳旗黑城遗址	古城
历史遗迹	古建筑
古建筑	古建筑
古韵	古建筑
古文明	古文明
吴哥	古文明
吴哥寺	古文明
吴哥窟	古文明
小吴哥	古文明
莫高窟	古文明
象形文字	古文明
上下晓起	古村
古村	古村
古村落	古村
安义古村	古村
小落水村	古村
徽州	古村
晓起村	古村
渼陂古村	古村
篁岭	古村
西江千户苗寨	古村
西江	古村
古桥	古桥
外白渡桥	古桥
安澜索桥	古桥
程阳桥	古桥
古老	古老
古玩	古董
古董	古董
瓷器	古董
金器	古董
兵马俑	古迹
古迹	古迹
奇琴伊察	古迹
悬空寺	古迹
石头城	古迹
贡院	古迹
遗迹	古迹
古道	古道
徽杭古道	古道
拉海市茶马古道	古道
石板路	古道
茶马古道	古道
东栅	古镇
乌镇西栅景区	古镇
云水谣	古镇
云水谣古镇	古镇
兴坪古镇	古镇
前童古镇	古镇
南浔古镇	古镇
古镇	古镇
同里	古镇
周庄古镇	古镇
周村古镇	古镇
和顺古镇	古镇
大研古镇	古镇
安仁古镇	古镇
安昌古镇	古镇
平乐古镇	古镇
怀远古镇	古镇
悦来古镇	古镇
成都柳江古镇	古镇
朱家角古镇	古镇
束河	古镇
束河古镇	古镇
枫泾	古镇
枫泾古镇	古镇
江南古镇	古镇
江南水乡	古镇
沙溪古镇	古镇
洛带古镇	古镇
溱潼古镇	古镇
甪直古镇	古镇
白沙古镇	古镇
白鹿镇	古镇
碛口古镇	古镇
磁器口	古镇
窑湾古镇	古镇
芙蓉古镇	古镇
苏州同里古镇	古镇
街子古镇	古镇
西塘古镇	古镇
西塘风景区	古镇
锦溪	古镇
镇远	古镇
青岩古镇	古镇
黄姚古镇	古镇
黄龙溪	古镇
龚滩古镇	古镇
可爱	可爱
台风	台风
右面	右面
司机	司机
同志	同志
仓央嘉措	名人
全智贤	名人
名人	名人
大师	名人
奥斯丁	名人
宮崎駿	名人
张三疯	名人
拿破仑	名人
杜甫	名人
松赞干布	名人
潘小莲	名人
玛吉阿米	名人
维多利亚	名人
老佛爷	名人
蒋介石	名人
诗人	名人
诸葛亮	名人
赵小姐	名人
跟杜甫仅仅只有一毛钱关系	名人
达赖	名人
鲁迅	名人
名不虚传	名副其实
名副其实	名副其实
名牌	名牌
名著	名著
后面	后面
向往	向往
听见	听闻
听说	听闻
听闻	听闻
吹风机	吹风机
电源转换器	吹风机
和平	和平
coffee	咖啡
咖啡	咖啡
咖啡店	咖啡
木抽屜咖啡	咖啡
咖啡店	咖啡馆
咖啡馆	咖啡馆
小资	咖啡馆
沱江边的咖啡店	咖啡馆
咖喱	咖喱
绿咖喱	咖喱
品尝	品尝
Gateway	品牌
优衣库	品牌
品牌	品牌
施华洛世奇	品牌
牌子	品牌
哺乳动物	哺乳动物
大熊猫	哺乳动物
熊猫	哺乳动物
牦牛	哺乳动物
鸟类	哺乳动物
唱歌	唱歌
彩云之南	唱歌
歌声	唱歌
商业化	商业化
商业	商业化
三清洞	商业街
上海新天地	商业街
不夜城	商业街
兰桂坊	商业街
南京路	商业街
商业街	商业街
坡子街商业街	商业街
埃马努埃莱二世拱廊	商业街
大阪心斋桥	商业街
天幕城	商业街
女人街	商业街
宁曼路	商业街
心斋桥	商业街
文殊坊	商业街
新天地	商业街
新沙洞	商业街
明洞	商业街
春熙路	商业街
歌舞伎町	商业街
清潭洞	商业街
澳门渔人码头	商业街
王府井	商业街
田子坊	商业街
百花谷商业街	商业街
第五大道	商业街
红灯区	商业街
美心洋人街	商业街
考山路	商业街
芒街	商业街
虎丘路婚纱一条街	商业街
衡山路	商业街
观前街	商业街
风情街	商业街
商品	商品
centralworld	商场
Central	商场
Mall	商场
MALL	商场
MBK	商场
上海连卡佛	商场
乐天百货	商场
仁寺洞	商场
冲绳三越百货	商场
商场	商场
商城	商场
奥特莱斯	商场
西单	商场
豫园	商场
购物中心	商场
银座	商场
商店	商店
巴黎老佛爷百货公司	商店
店铺	商店
老佛爷百货	商店
啤酒	啤酒
夜啤酒长廊	啤酒
大象啤酒	啤酒
品茶	喝茶
喝茶	喝茶
喷泉	喷泉
大喷泉	喷泉
大雁塔音乐喷泉	喷泉
大雁塔音乐喷泉广场	喷泉
音乐喷泉	喷泉
团购	团购
个园	园林
何园	园林
叙昌酱园	园林
园林	园林
定园	园林
小莲庄	园林
拙政园	园林
沧浪亭	园林
狮子林	园林
留园	园林
网师园	园林
罗布林卡	园林
苏州园林	园林
虎丘	园林
退思园	园林
金陵第一园	园林
不丹	国家
中国	国家
以色列	国家
伊朗	国家
俄罗斯	国家
冈比亚	国家
冰岛	国家
加拿大	国家
南非	国家
印度	国家
印度尼西亚	国家
国家	国家
土耳其	国家
坦桑尼亚	国家
埃及	国家
埃塞俄比亚	国家
塞维利亚	国家
塞舌尔	国家
墨西哥	国家
天津滨海国际机场	国家
奥地利	国家
安哥拉	国家
尼泊尔	国家
巴基斯坦	国家
巴拿马	国家
巴西	国家
德国	国家
意大利	国家
捷克	国家
文莱	国家
斯里兰卡	国家
新加坡	国家
新西兰	国家
日本	国家
柬埔寨	国家
梵蒂冈	国家
比利时	国家
毛里求斯	国家
沙特阿拉伯	国家
法国	国家
波兰	国家
泰国	国家
澳大利亚	国家
澳洲	国家
爱尔兰	国家
瑞士	国家
缅甸	国家
老挝	国家
肯尼亚	国家
芬兰	国家
苏丹	国家
苏格兰	国家
英国	国家
荷兰	国家
菲律宾	国家
西班牙	国家
越南	国家
迪拜	国家
阿拉伯联合酋长国	国家
阿根廷	国家
阿联酋	国家
韩国之旅	国家
韩国	国家
马尔代夫	国家
马来	国家
马来西亚	国家
东姑阿都拉曼国家公园	国家公园
国家公园	国家公园
大峡谷国家公园	国家公园
太鲁阁国家公园	国家公园
斯米兰国家公园	国家公园
普达措国家公园	国家公园
汤加里罗	国家公园
黄石公园	国家公园
黄石	国家公园
黄石国家公园	国家公园
十一黄金周	国庆
国庆	国庆
国庆长假去哪儿	国庆
国王	国王
国际	国际
洲际	国际
klia	国际机场
T3航站楼	国际机场
上海浦东国际机场	国际机场
上海虹桥国际机场	国际机场
关西国际机场	国际机场
厦门高崎国际机场	国际机场
双流机场	国际机场
吉隆坡国际机场	国际机场
国际机场	国际机场
天河机场	国际机场
广州白云国际机场	国际机场
廊曼国际机场	国际机场
恩德培机场	国际机场
成都双流国际机场	国际机场
昆明长水国际机场	国际机场
杭州萧山国际机场	国际机场
杭州萧山机场	国际机场
济南遥墙国际机场	国际机场
深圳宝安国际机场	国际机场
清迈国际机场	国际机场
萧山机场	国际机场
重庆江北国际机场	国际机场
长水机场	国际机场
长沙黄花国际机场	国际机场
香港国际机场	国际机场
高崎机场	国际机场
南京图书馆	图书馆
图书馆	图书馆
岳麓书院	图书馆
白鹿上书院	图书馆
纽约公共图书馆	图书馆
萍乡市图书馆	图书馆
藏经楼	图书馆
南靖县	土楼
和贵楼	土楼
土楼	土楼
怀远楼	土楼
永定土楼	土楼
田螺坑土楼群	土楼
土菜	土菜
土著	土著
圣地	圣地
圣城	圣城
圣殿	圣殿
在路上	在路上
中国台湾	地区
中国西部地区	地区
中国香港	地区
伊犁	地区
内陆	地区
北海道	地区
南极	地区
卡帕多西亚	地区
台东	地区
台湾	地区
吐鲁番地区	地区
吐鲁番盆地	地区
地区	地区
墨脱	地区
大陆	地区
山南地区	地区
日喀则地区	地区
林芝地区	地区
欧洲	地区
江西	地区
济州	地区
湘西	地区
潮汕	地区
甘孜	地区
甘孜州	地区
藏传	地区
藏区	地区
西双版纳	地区
西藏旅游	地区
西贡	地区
迪庆	地区
闽南	地区
阿勒泰地区	地区
阿坝	地区
阿维尼翁	地区
阿里	地区
阿里地区	地区
阿里无人区	地区
青海	地区
额济纳旗	地区
香格里拉	地区
LCCT机场免费地图	地图
地图	地图
地标建筑	地标建筑
地理信息	地理信息
零公里	地理信息
地理公园	地理公园
年保玉则国家地质公园	地理公园
苍山地质公园	地理公园
野柳地质公园	地理公园
上海地铁	地铁
台中火车站	地铁
台铁	地铁
国光客运	地铁
地铁	地铁
地铁站	地铁
捷运	地铁
明故宫站	地铁
车公庙站	地铁
坑爹	坑爹
最没必要去的地方	坑爹
垂钓	垂钓
古城堡	城堡
哈姆雷特城堡	城堡
圣天使堡	城堡
城堡	城堡
布拉格城堡东门	城堡
布达佩斯要塞	城堡
教皇宫	城堡
新天鹅堡	城堡
水晶宫	城堡
温莎城堡	城堡
菲特列堡	城堡
香波堡	城堡
八达岭长城	城墙
古城墙	城墙
君士坦丁堡城墙	城墙
嘉峪关	城墙
城墙	城墙
开封古城墙	城墙
明城墙	城墙
西安古城墙	城墙
西安城墙	城墙
长城	城墙
三亚	城市
上海	城市
东京城	城市
东京	城市
东莞市	城市
临汾市	城市
丹东市	城市
丽江	城市
乌鲁木齐市	城市
乐山市	城市
亚庇	城市
京都	城市
仓敷市	城市
代尔夫特	城市
伊兹密尔	城市
伊斯兰堡	城市
伊斯坦布尔	城市
伦敦	城市
伯尔尼	城市
但尼丁	城市
佛山市	城市
佛罗伦萨	城市
便捷城市	城市
克拉科夫	城市
兰州	城市
兰州市	城市
列宁格勒	城市
加尔各答	城市
加德满都	城市
包头市	城市
北京	城市
北屯市	城市
北海市	城市
华盛顿	城市
南京	城市
南京市	城市
南充市	城市
南宁	城市
南宁市	城市
南昌市	城市
南通市	城市
卢加诺	城市
卢森堡	城市
厦门	城市
台中市	城市
台北	城市
台南市	城市
台州市	城市
吉隆坡	城市
呼伦贝尔市	城市
哈尔滨	城市
哈尔滨市	城市
哥打京那巴鲁	城市
哥打巴鲁	城市
哥打贝卢	城市
哥本哈根	城市
唐山市	城市
嘉兴	城市
嘉兴市	城市
嘉峪关市	城市
因特拉肯	城市
圣彼得堡	城市
圣托里尼	城市
垦丁	城市
城市	城市
墨尔本	城市
多伦多	城市
大叻	城市
大坂府	城市
大理	城市
大连	城市
大连市	城市
大阪城	城市
大阪	城市
大阪市	城市
天津	城市
天津市	城市
奈良	城市
奥克兰	城市
奥玛鲁	城市
威尼斯	城市
威海市	城市
孟买	城市
宁波	城市
宁波市	城市
安康市	城市
宜兴	城市
宿务	城市
宿雾市	城市
峨眉山市	城市
巴塞尔	城市
巴塞罗纳	城市
巴特伊施尔	城市
巴黎	城市
布拉格	城市
布里斯班	城市
布鲁塞尔	城市
希腊	城市
帕坦	城市
常州	城市
常州市	城市
常熟市	城市
平遥	城市
广元市	城市
广州	城市
广西桂林	城市
延安	城市
弗雷斯诺	城市
张掖市	城市
彭州	城市
徐州市	城市
德里	城市
恰纳卡莱	城市
悉尼	城市
惠灵顿	城市
成都	城市
扬州	城市
承德市	城市
拉斯佩齐亚	城市
拉斯维加斯	城市
拉萨	城市
拉萨市	城市
拜县	城市
敦煌	城市
敦煌市	城市
文昌市	城市
新宿	城市
新德里	城市
无锡市	城市
日内瓦	城市
旧金山	城市
昆明	城市
昆明市	城市
春川	城市
暹粒	城市
曲江	城市
曲阜市	城市
曼彻斯特	城市
曼谷	城市
最适合人类居住城市	城市
杭州	城市
格雷梅	城市
桂林	城市
梧州市	城市
槟城	城市
武汉市	城市
水户市	城市
汉诺威	城市
汕头市	城市
江西婺源	城市
沈阳市	城市
河内	城市
法兰克福	城市
法国巴黎	城市
洛杉矶	城市
洛阳市	城市
济南市	城市
济州市	城市
淮安市	城市
深圳	城市
清迈	城市
清迈府	城市
满洲里市	城市
漠河	城市
热那亚	城市
爱丁堡	城市
珠海市	城市
班珠尔	城市
琅勃拉邦	城市
瓜拉登嘉楼	城市
瓦拉纳西	城市
登巴萨	城市
盱眙	城市
科钦	城市
科隆	城市
米兰	城市
素可泰	城市
约克	城市
约翰内斯堡	城市
纽约	城市
绍兴市	城市
维罗纳	城市
罗马	城市
胡志明市	城市
腾冲县	城市
花莲县	城市
花莲	城市
芽庄	城市
苏州	城市
苏黎世	城市
莫斯科	城市
萍乡	城市
萍乡市	城市
萨尔茨堡	城市
虎林市	城市
西哈努克市	城市
西宁	城市
西宁市	城市
西安	城市
西归浦	城市
西雅图	城市
贵阳	城市
贵阳市	城市
费特希耶	城市
赞普林卡	城市
赣州	城市
越南胡志明	城市
达卡	城市
达沃	城市
连云港	城市
连云港市	城市
那不勒斯	城市
重庆市	城市
金华市	城市
金边	城市
釜山广域市	城市
钦州市	城市
银川	城市
银川市	城市
锡耶纳	城市
锦州	城市
镇江市	城市
长沙	城市
长沙市	城市
阆中市	城市
防城港市	城市
阳朔	城市
阳江市	城市
阿姆利则	城市
阿姆斯特丹	城市
阿布扎比	城市
阿罕布拉市	城市
雅典	城市
雅加达	城市
雅安市	城市
青岛	城市
青岛市	城市
鞍山市	城市
额尔古纳市	城市
首尔	城市
香港	城市
马尼拉	城市
马累	城市
高雄县	城市
高雄市	城市
黄山市	城市
齐齐哈尔	城市
龙泉	城市
凯旋门	城门
剑门关	城门
勃兰登堡门	城门
南京玄武门	城门
君士坦丁凯旋门	城门
城门	城门
大理古城南门	城门
安定门	城门
安远门	城门
宣化门	城门
山海关	城门
永宁门	城门
永定门	城门
基督教	基督教
基督教堂	基督教堂
堵车	堵车
东京塔	塔
京都塔	塔
双塔	塔
塔	塔
大连观光塔	塔
大雁塔	塔
小雁塔	塔
崇圣寺三塔	塔
布鲁塞尔日本塔楼	塔
砖塔	塔
迪拜塔	塔
雷峰塔	塔
风之塔	塔
风塔	塔
塔台	塔台
观景平台	塔台
国殇墓园	墓地
基督教坟场	墓地
墓地	墓地
墓地游	墓地
拿破仑墓	墓地
烈士陵园	墓地
皇家墓穴	墓地
福陵	墓地
秦陵地宫	墓地
色达天葬台	墓地
墙	墙
外墙	墙
涂鸦墙	墙
爱之墙	墙
红墙	墙
夏天	夏天
外形	外形
东方明珠	外滩
外滩	外滩
滨江大道	外滩
外面	外面
窗外	外面
Asiatique	夜市
东海夜市	夜市
六合夜市	夜市
凯旋夜市	夜市
周六夜市	夜市
周日夜市	夜市
士林夜市	夜市
夜市	夜市
宁夏夜市	夜市
清迈夜市	夜市
瑞丰夜市	夜市
西门町	夜市
逢甲夜市	夜市
夜店	夜店
夜总会	夜店
泡夜店	夜店
今晚	夜晚
夜幕	夜晚
夜晚	夜晚
夜色	夜晚
晚上	夜晚
灯光	夜晚
京城夜景	夜景
夜景	夜景
香港夜景	夜景
夜空	夜空
中银大厦	大厦
大厦	大厦
重庆大厦	大厦
东京大学	大学
中国海洋大学	大学
云南大学	大学
北京大学	大学
南京大学	大学
厦大	大学
厦门大学	大学
台湾东海大学	大学
台湾大学	大学
哈尔滨工业大学食堂	大学
四川大学	大学
大学	大学
大连海事大学	大学
弘益大学	大学
当地大学	大学
梨花女子大学	大学
武汉大学	大学
清华大学	大学
清迈大学	大学
纽约大学	大学
西安交通大学	大学
郑州大学	大学
青岛大学	大学
大山	大山
大排档	大排档
亚历山大三世桥	大桥
兰州中山桥	大桥
圣天使桥	大桥
大桥	大桥
布鲁克林大桥	大桥
查理大桥	大桥
武汉长江大桥	大桥
泸定桥	大桥
维琪奥桥	大桥
舟山跨海大桥	大桥
观漪桥	大桥
跨海大桥	大桥
通麦大桥	大桥
金门大桥	大桥
长江大桥	大桥
大楼	大楼
钟楼	大楼
钟鼓楼	大楼
高楼大厦	大楼
高楼	大楼
鼓楼	大楼
大海	大海
海	大海
看海	大海
GUCCI	大牌
大牌	大牌
大自然	大自然
大豆油	大豆油
垦丁大街	大道
大道	大道
弗里德里希大街	大道
拉斯维加斯大道	大道
星光大道	大道
东北门	大门
东大门	大门
东门	大门
光华门	大门
北门	大门
南门	大门
地门	大门
塔佩门	大门
大门	大门
天门	大门
朝天门	大门
西门	大门
劈柴院	大院
四合院	大院
大院	大院
高家大院	大院
高家民俗大院	大院
大饼	大饼
天主堂	天主教
天主教	天主教
天主教堂	天主教堂
玫瑰堂	天主教堂
天文台	天文台
格里菲斯天文台	天文台
紫金山天文台	天文台
天桥	天桥
天气	天气
天气预报	天气
能见度	天气
天空	天空
蓝天白云	天空
太后	太后
太阳	太阳
晒太阳	太阳
紫外线	太阳
阳光	太阳
夫妻	夫妻
姐姐	夫妻
媳妇	夫妻
老公	夫妻
老婆	夫妻
奇松	奇树
奇树	奇树
则岔石林	奇石
奇石	奇石
奇观	奇观
海山奇观	奇观
蓬莱仙境	奇观
Dior	奢侈品
LV	奢侈品
PRADA	奢侈品
奢侈品	奢侈品
路易威登	奢侈品
香奈儿	奢侈品
香奈尔	奢侈品
奥林匹克	奥运会
奥运会	奥运会
鸟巢	奥运会
女士	女士
小姐	女士
阿姨	女士
女人	女生
女孩	女生
女孩子	女生
女生	女生
妹妹	女生
姐姐	女生
姑娘	女生
小姑娘	女生
奶制品	奶制品
shake	奶昔
奶昔	奶昔
水果SHAKE	奶昔
芒果shake	奶昔
奶糖	奶糖
丝袜奶茶	奶茶
奶茶	奶茶
张三疯欧式奶茶铺	奶茶
甜茶	奶茶
陈罐西式茶货铺	奶茶
奶酪	奶酪
妃子	妃子
贵妃	妃子
北京之夜文化城	娱乐中心
娱乐中心	娱乐中心
娱乐	娱乐中心
孤儿院	孤儿院
孤单	孤独
孤独	孤独
学习	学习
知识	学习
上海戏剧学院	学校
大学城	学校
学校	学校
学院	学校
教育	学校
校园	学校
校门	学校
同学	学生
大学生	学生
学生	学生
学生证	学生
保险	安全
保障	安全
安全	安全
安全带	安全
安全问题	安全
安检	安全
旅行安全	安全
检查	安全
治安	安全
宁静	安静
安宁	安静
安静	安静
安静惬意	安静
静静的	安静
宏伟	宏伟
印度教	宗教
基督	宗教
宗教习惯	宗教
宗教	宗教
转经筒	宗教
宗教建筑	宗教建筑
宝石	宝石
实木	实木
公交信息	实用信息
实用信息	实用信息
注意事项	实用信息
活动规则	实用信息
等级划分	实用信息
嘉兴月河客栈	客栈
客栈	客栈
张老师客栈	客栈
海地生活	客栈
宫	宫
乌布皇宫	宫殿
京都御苑	宫殿
克隆堡宫	宫殿
冬宫	宫殿
凡尔赛宫	宫殿
凡尔赛	宫殿
地下水宫	宫殿
塞维利亚王宫	宫殿
多玛巴切皇宫	宫殿
大皇宫	宫殿
大阪城天守阁	宫殿
天后宫	宫殿
宫殿	宫殿
布达拉宫	宫殿
布鲁塞尔皇宫	宫殿
无忧宫	宫殿
旧皇宫	宫殿
明治神宫	宫殿
景福宫	宫殿
曼谷大王宫	宫殿
枫丹白露宫	宫殿
柚木宫	宫殿
沈阳太清宫	宫殿
波旁宫	宫殿
爱与希望之宫	宫殿
王宫	宫殿
白宫	宫殿
皇宫	宫殿
皇家花园	宫殿
皮蒂宫	宫殿
紫禁城	宫殿
纯阳宫	宫殿
罗浮宫	宫殿
美泉宫	宫殿
蒲屏皇宫	宫殿
雍和宫	宫殿
青瓦台	宫殿
家人	家人
哥哥	家庭
女儿	家庭
姐姐	家庭
婆婆	家庭
家庭	家庭
爷爷	家庭
爸爸	家庭
学生宿舍	宿舍
宿舍	宿舍
存包	寄存
寄存	寄存
行李寄存	寄存
土豪	富豪
富豪	富豪
三宝千户侗寨景区	寨子
寨子	寨子
苗寨	寨子
下古寺	寺
双塔寺	寺
寺	寺
不二法门	寺庙
仓姑寺	寺庙
佛泉寺	寺庙
冲古寺	寺庙
北京香山寺	寺庙
华岩寺	寺庙
南华寺	寺庙
南山寺	寺庙
南无寺	寺庙
南普陀寺	寺庙
卧佛寺	寺庙
卧龙寺	寺庙
参观寺庙着装要求	寺庙
双龙寺	寺庙
古德寺	寺庙
哲蚌寺	寺庙
噶丹松赞林寺	寺庙
国子监	寺庙
国清寺	寺庙
圆通宝殿	寺庙
圣泉寺	寺庙
塔尔寺	寺庙
大佛塔寺	寺庙
大兴善寺	寺庙
大召寺	寺庙
大慈恩寺	寺庙
大明寺	寺庙
大昭寺	寺庙
大连玉佛园	寺庙
大金瓦寺	寺庙
天台国清寺	寺庙
夫子庙	寺庙
契迪龙寺	寺庙
宝庆寺	寺庙
寒山寺	寺庙
寺庙	寺庙
寺院	寺庙
尕日拉寺	寺庙
巴巴寺	寺庙
帕辛寺	寺庙
应梦寺	寺庙
张掖大佛寺	寺庙
慈恩寺	寺庙
扎什伦布寺	寺庙
拉卜楞寺	寺庙
文殊院	寺庙
新昌大佛寺	寺庙
普陀寺	寺庙
曼谷卧佛寺	寺庙
松德寺	寺庙
松赞林寺	寺庙
查龙寺	寺庙
栖霞寺	寺庙
永福寺	寺庙
河南少林寺	寺庙
法门寺	寺庙
浅草寺	寺庙
清水寺	寺庙
灵山梵宫	寺庙
灵隐寺	寺庙
玉佛寺	寺庙
白居寺	寺庙
白马寺	寺庙
皇泽寺	寺庙
石室禅院	寺庙
素贴寺	寺庙
素贴山双龙寺	寺庙
色拉寺	寺庙
草堂寺	寺庙
荐福寺	寺庙
蓝毗尼韩国寺	寺庙
虎庙	寺庙
西五台云居寺	寺庙
财神庙	寺庙
郎木寺	寺庙
金刚台	寺庙
金山寺	寺庙
金庙	寺庙
金阁寺	寺庙
长安寺	寺庙
阴山古刹	寺庙
阿育王寺	寺庙
青海塔尔寺	寺庙
青龙寺	寺庙
静安寺	寺庙
飞来寺	寺庙
香火	寺庙
香炉寺	寺庙
马蹄寺	寺庙
鹿苑寺	寺庙
导游	导游
讲解	导游
领队	导游
导航	导航
导航仪	导航仪
手持GPS	导航仪
寿司	寿司
小偷	小偷
人形烧	小吃
冰糖葫芦	小吃
北京路小食	小吃
叶氏麻糍	小吃
嘉华鲜花饼屋推荐	小吃
小吃	小吃
小吃推荐	小吃
当地特色小吃	小吃
杨老黑卤煮店	小吃
沈家闽南肠粉	小吃
热狗	小吃
爆米花	小吃
牛肉丸	小吃
特色小吃	小吃
猪脚饭	小吃
肥姐小食店	小吃
花生	小吃
茶叶蛋	小吃
街头小吃	小吃
鱼丸	小吃
鲅鱼圈	小吃
鲨鱼丸	小吃
小憩	小憩
儿童	小朋友
小朋友	小朋友
九曲桥	小桥
八字桥	小桥
小桥	小桥
小桥流水	小桥
彩虹桥	小桥
情人桥	小桥
断桥	小桥
枫桥	小桥
栈桥	小桥
淡水情人桥	小桥
艺术桥	小桥
走婚桥	小桥
小溪	小溪
小费	小费
小巷	小道
小道	小道
巷子	小道
蹊径	小道
三江侗族自治县	小镇
上林县	小镇
丹巴县	小镇
乌镇	小镇
从江县	小镇
佛罗伦萨小镇	小镇
侨港镇	小镇
八一镇	小镇
八宿县	小镇
凤凰镇	小镇
剑川县	小镇
剑阁县	小镇
博鳌	小镇
卧龙镇	小镇
可可托海镇	小镇
吉县	小镇
商业重镇	小镇
喜洲镇	小镇
四川九寨沟县	小镇
婺源县	小镇
小镇	小镇
布尔津	小镇
库萨达斯	小镇
抚远县	小镇
新都桥	小镇
普吉镇	小镇
景德镇	小镇
朱家角	小镇
林芝县	小镇
榕江县	小镇
横道河子	小镇
水乡	小镇
水城县	小镇
波多菲诺	小镇
泰国华欣	小镇
海盐县	小镇
漠河县	小镇
瓜镇	小镇
皇后镇	小镇
磨西镇	小镇
罗平	小镇
美瑛町	小镇
芙蓉镇	小镇
荔波县	小镇
西塘	小镇
费拉小镇	小镇
达维乡	小镇
里奥马焦雷	小镇
金口河区	小镇
阿坝县	小镇
青城山大观镇	小镇
香格里拉县	小镇
鲁朗镇	小镇
龙陵县	小镇
小龙虾	小龙虾
云南	少数民族
傣族	少数民族
土家族	少数民族
少数民族	少数民族
岜沙苗寨	少数民族
布依族	少数民族
彝族	少数民族
摩挲	少数民族
摩梭人	少数民族
摩梭族	少数民族
新疆人	少数民族
白族聚居地	少数民族
纳西	少数民族
藏式	少数民族
藏族	少数民族
藏民	少数民族
藏语	少数民族
尝试	尝试
试试	尝试
踩着石头过河	尝试
尽头	尽头
居民楼	居民楼
上海世博展览馆	展览馆
会展中心	展览馆
展览馆	展览馆
三清山风景区	山
东庐山	山
丹霞山	山
九华山	山
云台山	山
仙女山	山
佛手山	山
信号山	山
凤凰山	山
北岳恒山	山
千山	山
千龟山	山
华山	山
南京钟山	山
南宁大明山	山
南宁龙虎山	山
南山	山
南岳衡山	山
卡子拉山	山
唐古拉山	山
四姑娘山	山
圣堂山	山
大屿山	山
大理巍山	山
大理苍山	山
大黑山	山
天台山	山
天柱山	山
天池	山
太平山	山
奶龙山	山
宝塔山	山
宝顶山	山
小和山	山
小鱼山	山
尧山	山
山上	山
山	山
山顶	山
岚山	山
峨眉山	山
崂山	山
嵊山	山
巴郎山	山
庐山	山
念青唐古拉山	山
恒山	山
明月山	山
普陀山	山
格姆女神山	山
梵净山	山
棋盘山	山
武功山	山
武夷山	山
武当山	山
泰山	山
牛背山	山
狮子山	山
狼牙山	山
玉皇山	山
白山	山
祁连山	山
神山	山
秦岭	山
穹窿山	山
笔架山	山
米拉山口	山
米拉山	山
素贴山	山
翠华山	山
花果山	山
茱萸峰	山
莫干山	山
觉巴山	山
象鼻山	山
贡嘎山	山
贡嘎山观望点	山
金秀莲花山	山
金鸡岭	山
锦州笔架山	山
长寿山	山
长白山	山
长白山西坡	山
阿尔卑斯山	山
阿尔山	山
阿里山	山
雁荡山	山
青城山	山
面包山	山
风车山	山
骊山	山
鸣沙山	山
黃山	山
黄山	山
五老峰	山峰
冈仁波齐	山峰
剪子弯山	山峰
南迦巴瓦	山峰
南迦巴瓦峰	山峰
喜马拉雅山脉	山峰
城山日出峰	山峰
安纳普尔纳	山峰
少女峰	山峰
山峰	山峰
巴朗山熊猫王国之巅	山峰
库克山	山峰
慕士塔格峰	山峰
拉吉里峰	山峰
珠穆朗玛峰	山峰
色季拉山口	山峰
色季拉山	山峰
采尔马特	山峰
金鸡峰	山峰
雪朗峰	山峰
山洞	山洞
山珍	山珍
丹巴美人谷	山谷
山坡	山谷
山谷	山谷
花溪谷	山谷
上山	山路
山路	山路
Mamutik	岛
Manukan	岛
三亚西岛	岛
仙人岛	岛
仙足岛	岛
刁曼岛	岛
分界洲岛	岛
刘公岛	岛
加雅岛	岛
南园岛	岛
南戴河仙螺岛	岛
南诏风情岛	岛
处女岛	岛
天堂岛	岛
小岛	岛
岛上	岛
岛	岛
巴拉望岛	岛
帕岸岛	岛
斯米兰	岛
椰子岛	岛
氹仔岛	岛
泸沽湖三岛	岛
海岛	岛
海龟岛	岛
涛岛	岛
港丽岛	岛
火地岛	岛
环礁	岛
玻璃岛	岛
珊瑚岛	岛
皇帝岛	岛
离岛	岛
美人鱼岛	岛
翡翠岛	岛
芭雅岛	岛
薄荷岛	岛
蚊子岛	岛
蜈支洲	岛
西岛	岛
西岱岛	岛
跳岛游	岛
麻袋	岛
黄岛	岛
Boracay	岛屿
Semporna	岛屿
东极岛	岛屿
丽贝岛	岛屿
兰卡威	岛屿
关岛	岛屿
军舰岛	岛屿
冲绳	岛屿
南丫岛	岛屿
南岛	岛屿
南麂岛	岛屿
卡帕莱	岛屿
双鱼岛	岛屿
圣淘沙	岛屿
塞班	岛屿
塞班岛	岛屿
岛屿	岛屿
嵊山岛	岛屿
嵊泗列岛	岛屿
巴厘岛	岛屿
希尔顿伊露岛	岛屿
帕劳	岛屿
庙湾岛	岛屿
斐济	岛屿
斐济岛	岛屿
普吉	岛屿
普吉岛	岛屿
棒棰岛	岛屿
沙巴	岛屿
沙比岛	岛屿
沙美岛	岛屿
泰国芭堤雅金沙岛	岛屿
济州岛	岛屿
海岛游	岛屿
涠洲岛	岛屿
热浪岛	岛屿
牛岛	岛屿
班塔延	岛屿
甘米银岛	岛屿
皮皮岛	岛屿
离岛	岛屿
科隆镇	岛屿
苏梅岛	岛屿
萨马尔岛	岛屿
蓝梦岛	岛屿
蜈支洲岛	岛屿
诗巴丹	岛屿
长滩	岛屿
长滩岛	岛屿
阿雅达岛	岛屿
马代	岛屿
马布岛	岛屿
马达京岛	岛屿
龙目岛	岛屿
岩洞	岩洞
洪崖洞	岩洞
芦笛岩	岩洞
长屿硐天	岩洞
圣母岩礁	岩石
天涯石	岩石
岩石	岩石
平安石	岩石
日光岩	岩石
昆明石林	岩石
湛江湖光岩	岩石
狮子岩	岩石
石林	岩石
银子岩	岩石
阿斯哈图石林	岩石
飞来石	岩石
中虎跳	峡谷
丽江虎跳峡	峡谷
呼图壁河大峡谷	峡谷
大峡谷	峡谷
峡谷	峡谷
明月峡	峡谷
科罗拉多大峡谷	峡谷
秦皇岛龙潭峡	峡谷
虎跳峡	峡谷
观音峡	峡谷
雅鲁藏布江大峡谷	峡谷
马岭河峡谷	峡谷
峭壁	峭壁
州	州
北京航天城	工业园
工业园	工业园
工具	工具
工厂	工厂
巧克力工厂	工厂
八音盒	工艺品
工艺品	工艺品
手工艺制品	工艺品
首饰	工艺品
左面	左面
巧克力	巧克力
差评	差评
bus	巴士
中港通	巴士
免费穿梭巴士	巴士
公交	巴士
公车	巴士
发财车	巴士
国光	巴士
大巴	巴士
左营/垦丁巴士快线	巴士
巴士	巴士
机场免费巴士	巴士
机场大巴	巴士
机场巴士	巴士
游览车	巴士
芭提雅大巴	巴士
观光巴士	巴士
观光车	巴士
赌场免费巴士	巴士
Market	市场
商人市场	市场
市场	市场
海鲜市场	市场
火车头市场	市场
第一市场	市场
筑地市场	市场
阿德莱德中央市场	市场
黑门市场	市场
丹麦议会厅	市政厅
哥本哈根市政厅广场	市政厅
市政厅	市政厅
市政大楼	市政厅
帅哥	帅哥
大帆船	帆船
帆船	帆船
干净	干净
清澈	干净
地瓜干	干果
干果	干果
幸福	幸福
353广场	广场
上海人民广场	广场
五一广场	广场
五四广场	广场
亚龙湾中心广场	广场
人民广场	广场
佛洛茨瓦夫中央广场	广场
八一广场	广场
北回归线天文广场	广场
北部湾广场	广场
协和广场	广场
卢浮宫广场	广场
古罗马广场	广场
哥伦布广场	广场
喷泉广场	广场
大喷泉广场	广场
大雁塔北广场	广场
大雁塔广场	广场
天地广场	广场
天安门升旗	广场
天安门	广场
天安门广场	广场
天府广场	广场
太古广场	广场
奇迹广场	广场
套娃广场	广场
巴黎战神广场	广场
布达拉宫广场	广场
布鲁塞尔大广场	广场
广场	广场
日月光中心广场	广场
时代广场	广场
星海广场	广场
暹罗广场	广场
海信广场	广场
清溪广场	广场
独立广场	广场
玛利亚广场	广场
白水洋浅水广场	广场
纽约时代广场	广场
荷兰广场	广场
音乐广场	广场
鹿回头广场	广场
鼓楼广场	广场
庄严	庄严
伏尔加庄园	庄园
庄园	庄园
库房	库房
人祖庙	庙
加德满都塔莱珠女神庙	庙
妈祖庙	庙
妈阁庙	庙
岳王庙	庙
庙	庙
朱仙镇岳飞庙	庙
水神庙	庙
海神庙	庙
郑王庙	庙
阆中古城张飞庙	庙
休闲	度假
度假	度假
Sipadan-Kapalai	度假村
万达长白山度假区	度假村
天一度假村	度假村
威尼斯人度假村	度假村
度假村	度假村
承德避暑山庄	度假村
金水湾度假村	度假村
阿雅达度假村	度假村
延误	延误
哥特式	建筑
建筑	建筑
建筑物	建筑
建筑局部	建筑局部
建筑师	建筑师
修建	建设
建设	建设
开心	开心
开车	开车
驾车	开车
当地	当地
外地人	当地人
当地人	当地人
本地人	当地人
录像	录像
彩虹	彩虹
影视城	影视城
影视基地	影视城
横店影视城	影视城
水浒城	影视城
赤坎古镇影视城	影视城
彼岸	彼岸
光明天使步道	徒步
徒步	徒步
暴走	徒步
雪乡穿越	徒步
心态	心情
心情	心情
快乐	快乐
快递	快递
便当	快餐
快餐	快餐
肯德基	快餐
怀念	怀念
回不去的地方叫家乡	思乡
思乡	思乡
Uluwatu	悬崖
悬崖	悬崖
情人崖	悬崖
蓝点	悬崖
伤心	悲伤
悲伤	悲伤
悲催	悲伤
情人节	情人节
情人	情侣
情侣	情侣
情绪	情绪
感受	情绪
小资	情调
情调	情调
感动	感动
乌尔禾	戈壁
五彩滩	戈壁
可可西里	戈壁
居延海	戈壁
戈壁	戈壁
敦煌雅丹	戈壁
玉门关	戈壁
雅丹魔鬼城	戈壁
魔鬼城	戈壁
传奇变脸秀	戏剧
变脸	戏剧
川剧	戏剧
戏剧	戏剧
皮影戏	戏剧
芙蓉国粹	戏剧
蜀风雅韵	戏剧
阿维尼翁戏剧节	戏剧
恭王府大戏楼	戏院
戏院	戏院
户外	户外
冲锋衣	户外装备
冲锋衣裤	户外装备
冲锋裤	户外装备
帐篷	户外装备
帐蓬	户外装备
御寒	户外装备
户外装备	户外装备
滑雪服	户外装备
登山杖	户外装备
登山鞋	户外装备
睡袋	户外装备
雪套	户外装备
雪线基本装备	户外装备
露营装备	户外装备
Freeride	户外运动
户外运动	户外运动
手工品	手工
手工	手工
自制手工	手工
手机APP	手机
手机	手机
手绘	手绘
手表	手表
5折	打折
优惠券	打折
优惠套餐	打折
优惠	打折
划算	打折
打折券	打折
打折	打折
折扣季	打折
折扣	打折
特价	打折
特惠	打折
打猎	打猎
批发	批发
护照	护照
香港护照	护照
户部巷	拌面
拌面	拌面
热干面	拌面
拍手	拍手
三脚架	拍照
合影	拍照
合影那些事儿	拍照
拍摄	拍照
拍照	拍照
水下相机	拍照
照相	拍照
照相机	拍照
相机	拍照
招牌	招牌
招牌推荐	招牌
拥挤	拥挤
拼车	拼车
求拼车	拼车
约伴拼车	拼车
指南针	指南针
Massage	按摩
按摩	按摩
清迈女子监狱马杀鸡店	按摩
马杀鸡	按摩
排队	排队
预约	排队
推荐你们不被晒黑又不用重新买帽子	推荐
推荐	推荐
插头	插头
插座	插头
搭车	搭车
人像	摄影
人文摄影	摄影
低温摄影	摄影
冲洗指南	摄影
单反装备	摄影
大光圈	摄影
婚纱照	摄影
微单	摄影
微距	摄影
情侣照片小赛	摄影
慢门	摄影
手动对焦	摄影
手机摄影	摄影
拍摄地	摄影
摄影后期	摄影
摄影器材	摄影
摄影技巧	摄影
摄影	摄影
最佳全景拍摄点	摄影
构图	摄影
水下摄影	摄影
虚化	摄影
行摄指南	摄影
长曝光	摄影
长焦	摄影
风光摄影	摄影
上海金茂大厦	摩天大楼
双子塔	摩天大楼
吉隆坡双子塔	摩天大楼
吉隆坡塔	摩天大楼
国金中心	摩天大楼
帝国大厦	摩天大楼
摩天大楼	摩天大楼
洛克菲勒中心	摩天大楼
环球金融中心观光厅	摩天大楼
伦敦眼	摩天轮
摩天轮	摩天轮
新加坡摩天观景轮	摩天轮
摩托艇	摩托艇
降落伞	摩托艇
摩托	摩托车
摩托车	摩托车
租摩托车	摩托车
操场	操场
攀岩	攀岩
攀登	攀登
party攻略	攻略
指南	攻略
攻略	攻略
穷游指南	攻略
享受阳光	放松
休闲	放松
悠闲	放松
放松	放松
散心	放松
自由自在	放松
放生	放生
放生池	放生
放风筝	放风筝
风筝	放风筝
南京总统府	政府建筑
台北总统府	政府建筑
哥本哈根证券交易所	政府建筑
巴黎荣军院	政府建筑
布鲁塞尔司法宫	政府建筑
政府建筑	政府建筑
民政总署大楼	政府建筑
荣军院	政府建筑
故事	故事
周恩来祖居	故居
张氏帅府	故居
故居	故居
杜甫故里	故居
杜甫草堂	故居
歌德故居	故居
沈从文故居	故居
老舍故居	故居
茅盾故居	故居
莫扎特故居	故居
贾谊故宅	故居
贾谊故居	故居
陈嘉庚先生故居	故居
高培支旧居	故居
高岳崧故居	故居
鲁迅故居	故居
鲁迅故里	故居
三一教堂	教堂
光之教堂	教堂
圣保罗教堂	教堂
圣彼得大教堂	教堂
圣彼得教堂	教堂
圣心大教堂	教堂
圣托马斯教堂	教堂
圣母圣诞主教座堂	教堂
圣母殿	教堂
圣母百花大教堂	教堂
圣母院	教堂
圣索菲亚大教堂	教堂
圣约翰大教堂	教堂
圣若瑟修院及圣堂	教堂
塞维利亚主教堂	教堂
巴黎圣母院	教堂
徐家汇天主教堂	教堂
教堂	教堂
新教堂	教堂
梵蒂冈博物馆	教堂
比萨大教堂	教堂
比萨洗礼堂	教堂
玻璃教堂	教堂
科隆大教堂	教堂
米兰大教堂	教堂
钟塔	教堂
青岛基督教堂	教堂
散客	散客
城市漫步	散步
散步	散步
溜达	散步
漫步	散步
逛逛	散步
整洁	整洁
舒适	整洁
人文	文化
文化	文化
文明	文化
纳西文化	文化
八卦楼	文化建筑
卢塞恩文化会议中心	文化建筑
巴洛克	文化建筑
文化建筑	文化建筑
红军文化园	文化建筑
对联	文化生活
文化生活	文化生活
文化节	文化节
梅花节	文化节
樱花节	文化节
牡丹花会	文化节
菊花节	文化节
文化遗产	文化遗产
阿尔贝罗贝洛	文化遗产
创意	文艺
小资	文艺
文艺推荐	文艺
文艺	文艺
文青最爱	文艺
斑马	斑马
南方	方位
方位	方位
西北	方位
半日游	旅游
旅游区	旅游
旅游	旅游
欧洲六国游	旅游
游玩	旅游
爱旅游	旅游
环岛游	旅游
环湖游方式	旅游
自助游	旅游
报团建议	旅游团
旅游团	旅游团
旅行团	旅游团
跟团	旅游团
跟团游	旅游团
人文圣地	旅游胜地
旅游胜地	旅游胜地
彩云堂	旅舍
旅舍	旅舍
绿杨旅舍	旅舍
青年旅馆	旅舍
青旅	旅舍
一个人的旅行	旅行
写给记忆中的第一次旅行	旅行
出发	旅行
出游方式	旅行
带着爸妈去旅行	旅行
旅行必备	旅行
旅行	旅行
旅行纪录	旅行
淡然出行	旅行
约伴去旅行	旅行
自由行	旅行
行程安排	旅行
行程	旅行
计划	旅行
旅型家	旅行家
旅行家	旅行家
旅行者	旅行家
旅店	旅行社
旅社	旅行社
旅行社	旅行社
青年旅馆	旅行社
guesthouse	旅馆
家庭旅馆	旅馆
旅店	旅馆
旅馆	旅馆
龙虎山宾馆	旅馆
华人	族群
回民	族群
客家人	族群
客家	族群
族群	族群
港人	族群
无聊	无聊
日出	日出
看日出	日出
日期	日期
日本料理	日本料理
夕阳	日落
日落	日落
最美夕阳	日落
落日	日落
观日落	日落
醉美夕阳	日落
鼓浪屿黄昏	日落
日食	日食
一大早	早晨
早上	早晨
早晨	早晨
晨光	早晨
晨曦	早晨
晨雾	早晨
清晨	早晨
早点	早餐
早茶	早餐
早餐	早餐
早饭	早餐
清迈早餐店推荐	早餐
旱季	旱季
岁月	时光
时光	时光
时差	时差
季节	时节
时节	时节
时辰	时辰
最佳游玩时间	时辰
出游时间	时间
参观时间	时间
展览时间	时间
开放时间	时间
时间	时间
省时间	时间
旺季	旺季
最佳季节	旺季
最佳旅游时间	旺季
最佳旅行季	旺季
昆虫	昆虫
明信片	明信片
邮寄	明信片
邮票	明信片
星星	星空
星空	星空
星轨	星空
月亮	星空
流星雨	星空
银河	星空
春分	春分
春天	春天
晚会	晚会
篝火晚会	晚会
晚餐	晚餐
晚饭	晚餐
自助晚餐	晚餐
三亚千古情景区	景区
三亚大小洞天	景区
中华门瓮城景区	景区
九乡风景区	景区
九寨沟	景区
二郎剑	景区
兴城海滨风景区	景区
冠岩风景区	景区
北极村旅游风景区	景区
十丈洞景区	景区
南山风景区	景区
呀诺达雨林文化旅游区	景区
塔川景区	景区
大七孔	景区
大小洞天	景区
天津五大道景区	景区
小七孔风景区	景区
常德桃花源	景区
庐山风景名胜区	景区
张家界	景区
张家界黄龙洞	景区
景区	景区
武陵源区	景区
武陵源	景区
武隆天生三桥	景区
热海景区	景区
独秀峰王城景区	景区
狮子山万古楼景区	景区
狼山风景名胜区	景区
畅游5A景区	景区
白水洋	景区
白水洋风景区	景区
石林风景名胜区	景区
程阳桥风景区	景区
稻城亚丁	景区
立鱼峰风景区	景区
芙蓉江国家重点风景名胜区	景区
草原石人风景区	景区
衡山风景名胜区	景区
连云港桃花涧	景区
长白山风景区	景区
阿里山国家风景区	景区
青海湖二郎剑景区	景区
风景区	景区
马岭河峡谷风景区	景区
鹿栏晴沙景区	景区
鼋头渚	景区
三星堆	景点
世外桃源	景点
丽江木府	景点
乌鲁瓦图	景点
九龙湖度假区	景点
云顶	景点
假景点	景点
光明顶	景点
凤凰台	景点
华清池	景点
南山旅游文化区	景点
奥克兰都会区	景点
庐山最渣的景点	景点
昂坪	景点
明仕田园	景点
景点	景点
李坑	景点
棉花堡	景点
琅琊台	景点
白塔山景区	景点
白色塔林	景点
白鹿原	景点
百老汇	景点
碑林	景点
神仙居	景点
红军山	景点
纳帕海景点	景点
荔波小七孔	景点
蒙马特高地	景点
赤水丹霞	景点
鹿回头	景点
黄龙	景点
景观路	景观路
智慧	智慧
暴雨	暴雨
月台	月台
叮叮车	有轨电车
有轨电车	有轨电车
百年历史有轨电车	有轨电车
卫生	服务
性价比	服务
服务	服务
传统服饰	服装
和服	服装
服装	服装
服饰	服装
苗族服饰	服装
唐代	朝代
明代	朝代
朝代	朝代
参拜	朝拜
朝圣	朝拜
朝拜	朝拜
跪拜	朝拜
本地化	本地化
KLIA	机场
LCCT	机场
T2航站楼	机场
T3航站楼	机场
亚航	机场
仁川机场	机场
免费接送机	机场
咸阳机场	机场
巴厘岛登巴萨机场	机场
广州机场	机场
廊曼机场	机场
成田机场	机场
成都双流机场	机场
接机	机场
新加坡樟宜机场	机场
日本东京都成田机场	机场
曼谷机场	机场
机场交通	机场
机场到市区	机场
机场安检特殊通道	机场
机场提示	机场
机场	机场
机场税	机场
机场行李寄存	机场
桃园机场	机场
樟宜机场	机场
河内机场	机场
浦东机场T2航站楼站	机场
深圳机场	机场
澳门机场	机场
登机口	机场
登机牌	机场
素万那普机场	机场
素叻他尼机场	机场
航站楼	机场
那霸机场	机场
金浦	机场
金浦机场	机场
阿勒泰机场	机场
香港机场	机场
马尼拉机场	机场
黎牙实比机场	机场
廉价机票	机票
晒晒你买过最便宜机票	机票
机票	机票
特价机票	机票
直飞	机票
飞机票	机票
机车	机车
Gimmelwald	村子
Muerren	村子
乌布	村子
云南民族村	村子
五渔村	村子
亚丁村	村子
冲乎尔乡	村子
北村韩屋村	村子
北极村	村子
卓克基土司官寨	村子
固东银杏村	村子
大理双廊	村子
大落水村	村子
婺源	村子
宏村	村子
巴比松	村子
庆源	村子
庆源村	村子
康定县	村子
张谷英古村	村子
思溪延村	村子
文化村	村子
曾厝垵	村子
村子	村子
村落	村子
树山村	村子
漠河北极村	村子
烟墩角	村子
烟墩角村	村子
甲居藏寨	村子
白哈巴	村子
白哈巴村	村子
禾木	村子
禾木村	村子
稻城县	村子
羊角村	村子
美奈渔村	村子
藏羌村	村子
西当村	村子
雨崩村	村子
雪乡	村子
靳家堡	村子
黑马河乡	村子
松	松
迎客松	松
黑虎松	松
北极光	极光
极光	极光
果园	果园
木瓜牛奶	果汁
果汁	果汁
水果冰沙	果汁
鲜榨果汁	果汁
南天一柱	柱子
柱子	柱子
石柱	柱子
标本	标本
明月峡古栈道遗址	栈道
木栈道	栈道
栈道	栈道
长空栈道	栈道
树	树
大榕树	树木
﻿松树	树木
树木	树木
银杏	树木
银杏树	树木
kawakawa红树林	树林
怪树林	树林
树林	树林
红树林	树林
胡杨林	树林
额济纳胡杨林	树林
格调	格调
逼格	格调
桑拿	桑拿
汗蒸	桑拿
龙山汗蒸	桑拿
梦幻	梦幻
元阳梯田	梯田
加榜梯田	梯田
婺源江岭梯田风光	梯田
德格拉朗梯田	梯田
梯田	梯田
江岭	梯田
龙胜梯田	梯田
龙脊梯田景区	梯田
龙脊梯田	梯田
棒球	棒球
大兴安岭	森林
大风堡原始森林	森林
枫丹白露森林	森林
森林	森林
毕棚沟	森林
白桦林景区	森林
白桦林	森林
额济纳胡杨林景区	森林
东平森林公园	森林公园
亚龙湾热带天堂森林公园	森林公园
剑门关国家森林公园	森林公园
国家森林公园	森林公园
布鲁塞尔森林公园	森林公园
张家界国家森林公园	森林公园
森林公园	森林公园
水绕四门	森林公园
海螺沟冰川森林公园	森林公园
满归伊克萨玛国家森林公园	森林公园
良凤江国家森林公园	森林公园
莫尔道嘎国家森林公园	森林公园
骊山森林公园	森林公园
植物	植物
竹子	植物
苍山小松子	植物
勐巴娜西珍奇园	植物园
呀诺达	植物园
安吉竹博园	植物园
植物园	植物园
凌霄阁	楼阁
南京阅江楼	楼阁
古城楼	楼阁
嘉业藏书楼	楼阁
嘉峪关城楼	楼阁
城楼	楼阁
岳阳楼	楼阁
故宫西北角楼	楼阁
晴川阁	楼阁
楼阁	楼阁
滕王阁	楼阁
蓬莱阁	楼阁
黄鹤楼	楼阁
橘黄色	橘黄色
橙色	橙色
欣赏	欣赏
歌剧	歌剧
歌舞剧	歌剧
巴黎歌剧院	歌剧院
悉尼歌剧院	歌剧院
歌剧院	歌剧院
天鹅湖	歌舞
歌舞	歌舞
歌舞厅	歌舞厅
百乐门	歌舞厅
正面	正面
步行	步行
行走	步行
上饶步行街	步行街
中央大街	步行街
中山路步行街	步行街
俄罗斯风情街	步行街
南京路	步行街
南京路步行街	步行街
厦门中山路步行街	步行街
夜晚南宁的步行街	步行街
小吃街	步行街
庙街	步行街
步行街	步行街
武汉光谷步行街	步行街
王府井	步行街
王府井步行街	步行街
琴台路	步行街
比萨饼	比萨饼
台湾民俗村	民俗
民俗	民俗
民间	民俗
民俗节日	民俗节日
百家宴	民俗节日
垦丁民宿	民宿
旅店	民宿
民宿推荐	民宿
民宿	民宿
民居	民居
民族	民族
阿拉伯	民族
低温	气候
干燥	气候
气候	气候
温度	气候
下降流	气流
气流	气流
冷	气温
昼夜温差	气温
气温	气温
温差	气温
温度	气温
布鲁乐谷主题亲水乐园	水上乐园
水上乐园	水上乐园
第一海水浴场	水上乐园
苏州乐园水上乐园	水上乐园
丹嫩沙多水上集市	水上市场
安帕瓦	水上市场
安帕瓦水上市场	水上市场
水上市场	水上市场
出海	水上运动
水上运动	水上运动
海上游乐项目	水上运动
脚蹼	水上运动
水井	水井
水兽	水兽
二王庙	水利工程
南水北调源头	水利工程
水利工程	水利工程
都江堰景区	水利工程
都江堰	水利工程
三峡大坝	水坝
水坝	水坝
水堤	水坝
葛洲坝	水坝
保温壶	水壶
水壶	水壶
水库	水库
清溪水库	水库
哈密瓜	水果
水果	水果
苹果	水果
莲花果	水果
西瓜	水果
黄瓜	水果
水流	水流
水渠	水渠
Bay	水湾
半月湾	水湾
双月湾	水湾
太平湾	水湾
太平角	水湾
巽寮湾	水湾
情人湾	水湾
攀牙湾	水湾
月亮湾	水湾
水湾	水湾
浅水湾	水湾
清水湾	水湾
玛雅湾	水湾
碧水湾	水湾
舟山群岛	水湾
通赛湾	水湾
钦州三娘湾	水湾
大水车	水车
水车	水车
乘船攻略	水道
公交船	水道
水道	水道
河道	水道
汇率兑换	汇率
汇率	汇率
货币汇率	汇率
Fergburger	汉堡
汉堡	汉堡
墨脱县雅鲁藏布江	江河
尼洋河	江河
怒江	江河
江河	江河
漓江	江河
金沙江大拐弯	江河
金沙江	江河
长江	江河
长江第一湾	江河
鸭绿江	江河
冬阴功汤	汤水
汤水	汤水
鸡汤	汤水
杨裕兴	汤面
汤面	汤面
马子禄牛肉面	汤面
可乐	汽水
汽水	汽水
晕车	汽车
汽车	汽车
凯里西郊客车站	汽车站
厦门北站	汽车站
客运	汽车站
客运站	汽车站
汽车客运站	汽车站
汽车站	汽车站
翠华山旅游车站	汽车站
都江堰市客运中心	汽车站
长途汽车站	汽车站
沙发客	沙发客
Kamari黑沙滩	沙滩
天涯海角	沙滩
普卡沙滩	沙滩
沙滩	沙滩
玉带滩	沙滩
白城沙滩	沙滩
白沙	沙滩
白沙湾	沙滩
白沙滩	沙滩
白浪滩	沙滩
金沙滩	沙滩
金滩	沙滩
金石滩	沙滩
银沙滩	沙滩
银滩	沙滩
闸坡	沙滩
响沙湾	沙漠
响沙湾沙漠	沙漠
塔敏查干沙漠	沙漠
巴丹吉林沙漠	沙漠
库布齐沙漠	沙漠
恩格贝旅游区	沙漠
沙丘	沙漠
沙坡头	沙漠
沙漠	沙漠
鄂尔多斯响沙湾	沙漠
北戴河	河
南戴河	河
拉萨河	河
河	河
河边	河
白水河	河
秦淮河	河
黑马河	河
不冻河	河流
九曲黄河第一湾	河流
倒淌河	河流
后河	河流
塞纳河	河流
塞纳河畔	河流
宝瓶口	河流
沱江	河流
河流	河流
泰晤士河	河流
清溪川	河流
湄南河	河流
遇龙河	河流
额尔齐斯河	河流
大闸蟹	河蟹
河蟹	河蟹
河马	河马
啤酒鱼	河鲜
河鲜	河鲜
石锅鱼	河鲜
西湖醋鱼	河鲜
酸汤鱼	河鲜
治疗	治疗
疾病	治疗
沼泽	沼泽
南京珍珠泉	泉
庐山三叠泉	泉
月牙泉	泉
泉	泉
趵突泉	泉
黑虎泉	泉
大理蝴蝶泉	泉水
水	泉水
泉水	泉水
比基尼	泳装
泳装	泳装
洋酒	洋酒
水帘洞	洞穴
洞穴	洞穴
活动	活动
浪漫	浪漫
罗曼蒂克	浪漫
呼吸管	浮潜
浮潜三宝	浮潜
浮潜	浮潜
浮潜装备	浮潜
浮潜镜	浮潜
浴场	浴场
海冰	浴场
海关	海关
沿海	海岸
浪漫海岸	海岸
海岸	海岸
涉地岬	海岸
海峡	海峡
马六甲	海峡
马六甲海峡	海峡
垭口	海拔
海拔	海拔
空气稀薄	海拔
高尔寺山	海拔
加勒比海	海洋
印度洋	海洋
吹吹海风	海洋
小东海	海洋
最美海域	海洋
泛舟厦门海	海洋
海上	海洋
海景	海洋
海水	海洋
海洋	海洋
海浪	海洋
海	海洋
海风	海洋
爱琴海	海洋
黄渤海分界线	海洋
海洋动物	海洋动物
亚龙湾海底世界	海洋馆
冲绳美之海水族馆	海洋馆
厦门海底世界	海洋馆
圣亚海洋世界	海洋馆
大连圣亚海洋世界	海洋馆
水族馆	海洋馆
海底世界	海洋馆
海洋世界	海洋馆
海洋公园	海洋馆
海洋馆	海洋馆
老虎滩海洋公园	海洋馆
老虎滩	海洋馆
苏州海洋馆	海洋馆
青岛海底世界	海洋馆
香港海洋公园	海洋馆
三亚亚龙湾	海滨
三亚湾	海滨
亚龙湾	海滨
仙本那	海滨
北海	海滨
北海海滨公园	海滨
椰梦长廊	海滨
海南	海滨
海棠湾	海滨
海滨	海滨
海边	海滨
黄金海岸	海滨
国际海水浴场	海滨浴场
威海	海滨浴场
汇泉湾	海滨浴场
海水浴场	海滨浴场
海滨浴场	海滨浴场
努沙杜瓦	海滩
卡伦	海滩
卡伦海滩	海滩
卡塔海滩	海滩
卡隆海滩	海滩
大东海	海滩
布拉波海滩	海滩
库塔	海滩
库塔海滩	海滩
普吉	海滩
最美海滩	海滩
海滩	海滩
珍南海滩	海滩
盘锦红海滩	海滩
罗威那海滩	海滩
美奈	海滩
芭东	海滩
芭东海滩	海滩
芭堤雅	海滩
莱雷海滩	海滩
金巴兰海滩	海滩
雅泊海滩	海滩
海蟹	海蟹
长脚蟹	海蟹
海豚	海豚
海豚表演	海豚
出海打鱼	海钓
捕鱼	海钓
海钓	海钓
三文鱼	海鱼
海鱼	海鱼
石斑鱼	海鱼
老虎斑	海鱼
虾	海鱼
春园海鲜广场	海鲜
海螺	海鲜
海鲜加工	海鲜
海鲜市场	海鲜
海鲜市场营业时间	海鲜
海鲜广场	海鲜
海鲜注意事项	海鲜
海鲜	海鲜
班扎恩海鲜市场	海鲜
肥妈海鲜店	海鲜
自助海鲜大餐	海鲜
阿士里海鮮村	海鲜
海龟	海龟
淡季	淡季
淡水鱼	淡水鱼
杰克风暴	深潜
深潜	深潜
小清新	清新
小资	清新
清新	清新
东关清真大寺	清真寺
国家清真寺	清真寺
水上清真寺	清真寺
清真寺	清真寺
苏丹艾哈迈德清真寺	清真寺
蓝色清真寺	清真寺
南田温泉	温泉
日月谷温泉	温泉
江南天池温泉	温泉
汤峪温泉	温泉
温泉	温泉
箱根汤寮	温泉
花水湾	温泉
黄山温泉	温泉
黄山醉温泉	温泉
龙陵邦腊掌	温泉
三亚港	港口
大连港	港口
岘港	港口
港口	港口
珠海湾仔口岸	港口
皇岗口岸	港口
维多利亚港	港口
东京迪士尼乐园	游乐场
乐天世界	游乐场
冰雪大世界	游乐场
北京欢乐谷	游乐场
发现王国	游乐场
圣淘沙名胜世界	游乐场
娱乐设施	游乐场
宋城	游乐场
常州恐龙园	游乐场
幻多奇乐园	游乐场
成都欢乐谷	游乐场
新加坡环球影城	游乐场
方特梦幻王国	游乐场
方特欢乐世界	游乐场
旋转木马	游乐场
星期8小镇	游乐场
梦幻乐园	游乐场
梦幻王国	游乐场
欢乐谷	游乐场
欢动世界	游乐场
深圳世界之窗	游乐场
深圳华侨城	游乐场
深圳欢乐谷	游乐场
游乐场	游乐场
苏迪糖果乐园	游乐场
葡京娱乐场	游乐场
蒂沃利公园	游乐场
过山车	游乐场
迪士尼乐园	游乐场
迪士尼	游乐场
迪斯尼	游乐场
锦江乐园	游乐场
香港迪士尼乐园	游乐场
游人	游人
常旅客	游客
旅客	游客
游客	游客
下水	游泳
下海	游泳
无边泳池	游泳
泳池	游泳
游泳池	游泳
游泳	游泳
玩水	游泳
乌篷船	游船
划船	游船
包船	游船
发船时间	游船
快艇	游船
游船	游船
游艇	游船
游轮	游船
租船	游船
船只	游船
船	游船
贡多拉船	游船
轮船	游船
长尾船	游船
香蕉船	游船
俯瞰	游览
全景	游览
大连海上观光	游览
最佳观光时间	游览
淘在路上体验	游览
游览	游览
观景好地方	游览
青岛海上观光	游览
微游记	游记
游记	游记
游鱼	游鱼
鱿鱼	游鱼
东江湖	湖
南京玄武湖	湖
卢加诺湖	湖
厦门大学芙蓉湖	湖
喀拉库勒湖	湖
大明湖	湖
天目湖	湖
如琴湖	湖
婺源鸳鸯湖	湖
扬州瘦西湖	湖
抚仙湖	湖
拉市海	湖
斗湖	湖
日内瓦湖	湖
木龙湖景区	湖
杭州西湖	湖
汉城湖	湖
泸沽湖风景区	湖
洱海	湖
湖水	湖
湖	湖
滇池	湖
玄武湖	湖
环太湖旅游区	湖
瓦纳卡	湖
瘦西湖	湖
纳木错	湖
羊湖	湖
芙蓉湖	湖
苏堤	湖
苏州金鸡湖	湖
莲花湖	湖
西湖	湖
还剑湖	湖
阳澄湖	湖
青海湖	湖
鹅湖	湖
东方女儿国泸沽湖	湖泊
千岛湖	湖泊
喀纳斯	湖泊
喀纳斯湖	湖泊
图恩湖	湖泊
圣湖	湖泊
大理洱海	湖泊
尼斯湖	湖泊
巴松措	湖泊
措木及日湖	湖泊
泸沽湖	湖泊
湖泊	湖泊
湖边	湖泊
牛奶海	湖泊
环湖	湖泊
纳木措	湖泊
羊卓雍措	湖泊
莫愁湖	湖泊
贝加尔湖	湖泊
赛里木湖	湖泊
阿寒湖	湖泊
北海湿地	湿地
北海紅树林度假区	湿地
威宁草海	湿地
尕海湖	湿地
拉鲁湿地	湿地
普达措	湿地
湿地	湿地
碧塔海	湿地
纳帕海	湿地
肥城湿地公园	湿地
花湖	湿地
黄沙古渡	湿地
溪流	溪流
金鞭溪	溪流
冠岩	溶洞
双龙洞	溶洞
张公洞	溶洞
本溪水洞	溶洞
溶洞	溶洞
织金洞	溶洞
芙蓉洞	溶洞
鸡冠洞	溶洞
滑冰	滑冰
滑板	滑板
滑索	滑索
滑翔	滑翔
拖伞	滑翔伞
滑翔伞	滑翔伞
降落伞	滑翔伞
Telemark	滑雪
两头翘板	滑雪
单板入门	滑雪
单板换刃	滑雪
单板教学	滑雪
单板	滑雪
单板滑雪	滑雪
单板站姿	滑雪
滑雪入门	滑雪
滑雪教学	滑雪
滑雪	滑雪
滑雪风格	滑雪
迪拜滑雪场	滑雪
雪场滑雪	滑雪
雪板	滑雪
万达长白山滑雪场	滑雪场
南山滑雪场	滑雪场
滑雪场	滑雪场
绍兴乔波滑雪世界	滑雪场
西岭雪山滑雪场	滑雪场
高山滑雪场	滑雪场
全地域板	滑雪板
单板硬度	滑雪板
单板装备	滑雪板
双板	滑雪板
滑雪服	滑雪板
滑雪板	滑雪板
漂亮	漂亮
美	漂亮
古东瀑布	漂流
杨堤	漂流
漂流	漂流
百色大王岭漂流	漂流
竹筏	漂流
遇龙河漂流	漂流
阳朔遇龙河	漂流
龙颈河漂流	漂流
丽江印象	演出
云南映象	演出
印象丽江	演出
印象刘三姐	演出
戏台	演出
欢乐海岸水秀剧场《深蓝秘境》	演出
歌舞表演	演出
清迈最有名的live	演出
演出攻略	演出
演出	演出
激光表演	演出
灯光秀	演出
纳西印象	演出
去香港听他的演唱会	演唱会
演唱会	演唱会
AOW	潜水
PADI	潜水
一日游浮潜	潜水
夜潜	潜水
沉船	潜水
海岛浮潜	潜水
海底奇景	潜水
海底漫步	潜水
潜店	潜水
潜水准备	潜水
潜水圣地	潜水
潜水手势	潜水
潜水执照	潜水
潜水技巧	潜水
潜水杂谈	潜水
潜水游记	潜水
潜水	潜水
潜水目的地	潜水
潜水知识	潜水
潜水经验	潜水
潜水证	潜水
潜水课	潜水
潜水课程	潜水
潜水运动	潜水
潜点	潜水
科隆湾	潜水
蓝洞	潜水
呼吸管	潜水装备
水母衣	潜水装备
浮潜用具	潜水装备
潜水壳	潜水装备
潜水袋	潜水装备
潜水装备	潜水装备
防水套	潜水装备
七星潭	潭
天河潭	潭
安吉江南天池	潭
潭	潭
白水台	潭
黄龙主沟	潭
黑龙潭公园	潭
黑龙潭	潭
龙王潭	潭
潮人	潮人
濒危地貌	濒危地貌
濒危物种	濒危物种
九龙瀑布	瀑布
九龙瀑布群	瀑布
伊瓜苏瀑布	瀑布
壶口瀑布	瀑布
大口瀑布	瀑布
尼亚加拉大瀑布	瀑布
尼亚加拉瀑布	瀑布
巴塔拉峡谷瀑布	瀑布
广西德天瀑布	瀑布
树正瀑布	瀑布
瀑布	瀑布
熊猫海瀑布	瀑布
珍珠滩瀑布	瀑布
莱茵瀑布	瀑布
藏龙百瀑	瀑布
诺日朗	瀑布
诺日朗瀑布	瀑布
黄果树大瀑布	瀑布
黄果树景区	瀑布
黄果树瀑布	瀑布
黄河壶口瀑布	瀑布
京打马尼	火山
巴图尔火山	火山
火山	火山
阿苏火山	火山
JR线	火车
客车时刻表	火车
小火车	火车
欧铁	火车
火车攻略	火车
火车旅行	火车
火车时刻表	火车
火车	火车
直达列车	火车
高铁	火车
高铁站	火车
TP-PASS台铁学生通票	火车票
火车票	火车票
京都车站	火车站
南京南站	火车站
南京站	火车站
台北火车站	火车站
台北车站	火车站
嘉善南站	火车站
大叻旧火车站	火车站
大叻窄轨火车站	火车站
大连站	火车站
天津站	火车站
广州火车站	火车站
武昌火车站	火车站
武昌站	火车站
汉口火车站	火车站
洛阳站	火车站
济南站	火车站
浦口火车站	火车站
满洲里火车站	火车站
火车站交通	火车站
火车站住宿	火车站
火车站	火车站
神户车站	火车站
罗马火车站	火车站
虹桥火车站	火车站
西安火车站	火车站
西安站	火车站
贵阳火车站	火车站
银川火车站	火车站
青城山快铁站	火车站
青岛火车站	火车站
高铁站	火车站
Shabushi日式火锅自助餐	火锅
呷哺呷哺	火锅
巴蜀大宅门火锅	火锅
日式自助涮涮锅	火锅
火锅	火锅
蜀九香	火锅
重庆大火锅	火锅
炒饭	炒饭
炮台	炮台
胡里山炮台	炮台
吐槽	点评
点评	点评
烟火	烟花
烟花	烟花
嘟噜家常炒菜特色烧烤	烧烤
烤玉米	烧烤
烤肉	烧烤
烧烤店	烧烤
烧烤	烧烤
无花果	热带水果
椰子	热带水果
榴莲	热带水果
槟榔	热带水果
热带水果	热带水果
芒果	热带水果
荔枝	热带水果
菠萝	热带水果
热情	热情
礼貌	热情
热气球	热气球
图片	照片
照片	照片
柴油	燃油
汽油	燃油
燃油	燃油
爬虫	爬虫
蟑螂	爬虫
爬行动物	爬行动物
情人树	爱情
爱在何方	爱情
爱情	爱情
爱情角	爱情
爱的瞬间	爱情
大三巴牌坊	牌坊
大炮台	牌坊
牌坊	牌坊
牙齿	牙齿
狼牙	牙齿
象牙	牙齿
东海牛奶	牛奶
牛奶	牛奶
炸牛肉	牛肉
牛肉	牛肉
牛骨汤	牛肉
牛车	牛车
牧场	牧场
关于特产那些事儿	特产
当地特产	特产
特产	特产
一般	特别
特别	特别
特级餐厅	特级餐厅
特色	特色
特色酒店	特色酒店
啤酒节	狂欢节
奔牛节	狂欢节
狂欢节	狂欢节
小狗	狗
狗	狗
独木舟	独木舟
独轮车	独轮车
狮子	狮子
猎豹	猎豹
猛兽	猛兽
大肠	猪肉
排骨	猪肉
猪肉	猪肉
诺邓火腿	猪肉
酸菜	猪肉
黑猪肉一条街	猪肉
喵星人	猫
有喵出没	猫
猫咪	猫
猫	猫
王子	王子
环境	环境
环岛	环岛
厦门环岛路	环岛路
台湾环岛线	环岛路
环岛南路	环岛路
环岛路	环岛路
黄厝海滨	环岛路
黄厝	环岛路
环游	环游
时尚	现代
现代	现代
玻璃	玻璃
大堡礁	珊瑚
珊瑚	珊瑚
珊瑚礁	珊瑚
珠宝	珠宝
iberry	甜点
MangoTango	甜点
Tango甜品店	甜点
棒棒糖	甜点
满记甜品	甜点
甜品店	甜点
甜品	甜点
甜点	甜点
蛋糕	甜点
许留山	甜点
马卡龙	甜点
甜蜜	甜蜜
生态	生态
生活	生活
生物	生物
用电	用电
电压	用电
电子设备	电子设备
电影	电影
IMAX电影院	电影院
庐山恋电影院	电影院
环球影城	电影院
电影院	电影院
电梯	电梯
N首尔塔	电视塔
东方明珠广播电视塔	电视塔
东方明珠	电视塔
北京电视塔	电视塔
广州塔	电视塔
电视塔	电视塔
印尼电话卡	电话卡
手机卡	电话卡
电话卡	电话卡
电瓶车	电驴
电驴	电驴
基友	男生
好基友	男生
男人	男生
男生	男生
合影留念	留念
留念	留念
旅游疗养度假胜地	疗养
沙疗所	疗养
疗养	疗养
上山	登山
夜爬	登山
溯溪	登山
爬山	登山
登山	登山
登顶	登山
云海	白云
白云	白云
白富美	白富美
白色	白色
白酒	白酒
青稞酒	白酒
白雪	白雪
皇后	皇后
皇室	皇室
二条城	皇家建筑
皇家建筑	皇家建筑
靖江王府	皇家建筑
皇帝	皇帝
秦始皇	皇帝
路易十四	皇帝
天空之镜	盐湖
盐湖	盐湖
艾丁湖	盐湖
茶卡	盐湖
茶卡盐湖	盐湖
印章	盖章
图章	盖章
盖章	盖章
仙本娜	目的地
博卡拉	目的地
尖沙咀	目的地
曼哈顿	目的地
目的地	目的地
霞浦	目的地
鼓浪屿	目的地
云南省	省份
四川省	省份
威尼斯省	省份
安徽省	省份
山东省	省份
广东省	省份
广西	省份
广西省	省份
普马兰加省	省份
江苏省	省份
江西省	省份
河北省	省份
河南省	省份
浙江省	省份
海南省	省份
湖北省	省份
甘肃	省份
甘肃省	省份
省份	省份
贵州	省份
贵州省	省份
辽宁省	省份
陕西省	省份
青海省	省份
黑龙江省	省份
不用浪费银子	省钱
省钱攻略	省钱
省钱	省钱
超省钱贴	省钱
墨镜	眼镜
太阳镜	眼镜
眼镜	眼镜
隐形眼镜	眼镜
免费接送	短驳
免费接驳车	短驳
垦丁街车	短驳
短驳	短驳
短驳车	短驳
矮小	矮小
石板	石板
云冈石窟	石窟
千佛崖	石窟
千佛崖石窟	石窟
大足石刻	石窟
洛阳龙门石窟	石窟
石窟	石窟
麦积山石窟	石窟
龙门石窟	石窟
矿产	矿产
矿石	矿产
矿物	矿物
三江客运中心	码头
中山码头	码头
中环码头	码头
克拉码头	码头
内厝澳	码头
半升洞码头	码头
厦门轮渡码头	码头
天星码头	码头
曾家巷	码头
码头	码头
老码头	码头
芭提雅码头	码头
轮渡码头	码头
龙头路	码头
碉堡	碉堡
磨坊	磨坊
礼仪	礼仪
祈祷	祈祷
平安	祈福
祈福	祈福
扎西德勒	祝福
祝福	祝福
凤凰	神兽
独角兽	神兽
神兽	神兽
美人鱼	神兽
神奇	神奇
神庙	神庙
女娲	神灵
神仙	神灵
神灵	神灵
财神	神灵
赵公明	神灵
伏见稻荷大社	神社
神社	神社
花园神社	神社
靖国神社	神社
丞相祠堂	祠堂
女娲祠	祠堂
宗祠	祠堂
武侯祠	祠堂
祠堂	祠堂
老母殿	祠堂
陈家祠	祠堂
一日票	票务
买票	票务
团体票	票务
套票	票务
学生票	票务
推荐订大通票	票务
改签	票务
检票	票务
票价	票务
票务	票务
联票	票务
订票攻略	票务
购票	票务
车票信息	票务
车票	票务
通票	票务
祭坛	祭坛
天葬	祭祀
祭祀	祭祀
禁忌	禁忌
禁止拍照	禁忌
禁烟	禁忌
福利院	福利院
禽	禽
枫叶	秋天
秋天	秋天
金秋	秋天
科学家	科学家
上海科技馆	科技馆
南京科技馆	科技馆
海尔科技馆	科技馆
科技馆	科技馆
香港科学馆	科技馆
包车	租车
垦丁包车	租车
敦煌包车	租车
租摩托车攻略	租车
租车	租车
租车程序	租车
租车自驾	租车
最佳穷游住房地点	穷游
穷游	穷游
空调房	空调
空调	空调
tuktuk司机	突突车
tuktuk	突突车
tutu	突突车
TUTU	突突车
tutu车	突突车
双条车	突突车
嘟嘟车	突突车
突突车	突突车
圣诞老人村	童话
童话	童话
第一次	第一次
3年多次往返签证	签证
两年多次往返签证	签证
个人旅行签证	签证
个人签证	签证
免签	签证
入台证	签证
印度签证	签证
台湾通行证	签证
团签	签证
在职证明	签证
孕前旅游签	签证
孕后诚实签	签证
延签	签证
泰国签证	签证
港澳通行证	签证
申根签	签证
电子签	签证
电子签证	签证
第三国签证	签证
第三方入境签证	签证
签证材料	签证
签证	签证
签证表申领信息	签证
芬兰申根签证	签证
落地签	签证
越南签证	签证
过境签	签证
过境签证	签证
销签	签证
面签	签证
韩国签证	签证
米其林三星	米其林
米其林	米其林
凉皮	米粉
大研古城口的过桥米线店	米粉
桂林米粉	米粉
桥香园	米粉
海天肠粉	米粉
米粉	米粉
米线	米粉
酸辣粉	米粉
魏家凉皮	米粉
鸭血粉丝汤	米粉
凤飞飞猪脚饭	米饭
壹铢粥店	米饭
抓饭	米饭
泰国最好吃的芒果糯米饭	米饭
清迈最好吃的猪脚饭	米饭
清迈最好喝的白粥	米饭
米饭	米饭
芒果糯米饭	米饭
粉红色	粉红色
精品酒店	精品酒店
土凤梨酥	糕点
糕点	糕点
萝卜糕	糕点
镜糕	糕点
黄天源	糕点
小觉林素菜馆	素食
素斋	素食
素食	素食
云杉坪索道	索道
坐大索道上玉龙雪山	索道
大小索道	索道
大索道	索道
小索道	索道
感通索道	索道
洗马潭索道	索道
索道	索道
长江索道	索道
骊山索道	索道
紫色	紫色
红色	红色
红酒	红酒
葡萄酒	红酒
纪录片	纪录片
纪念	纪念
东巴许愿风铃	纪念品
伴手礼	纪念品
冰箱贴	纪念品
手信	纪念品
手礼	纪念品
福尔摩斯纪念品公司	纪念品
纪念品	纪念品
纪念章	纪念品
纪念日	纪念日
纪念牌	纪念碑
纪念碑	纪念碑
胜利纪念碑	纪念碑
英雄纪念碑	纪念碑
解放碑	纪念碑
解放纪念碑	纪念碑
上海孙中山故居纪念馆	纪念馆
中共代表团梅园新村纪念馆	纪念馆
中正纪念堂	纪念馆
八路军桂林办事处纪念馆	纪念馆
滇西抗战纪念馆	纪念馆
纪念馆	纪念馆
辛亥革命博物馆	纪念馆
邓丽君纪念文物馆	纪念馆
郑成功纪念馆	纪念馆
雷锋纪念馆	纪念馆
鲁迅纪念馆	纪念馆
纳西族	纳西族
纺织	纺织
ABC环线	线路
如何进藏	线路
旅游线路	线路
泸沽湖到成都	线路
游览路线	线路
线路	线路
路线信息	线路
路线推荐	线路
路线	线路
路线规划	线路
阿里北线	线路
青藏线	线路
小伙伴	结伴
捡人	结伴
旅途伴侣	结伴
求被捡	结伴
约伴同行	结伴
约伴	结伴
结伴同行	结伴
结伴	结伴
字画市场	绘画
版画	绘画
绘画	绘画
香港漫画	绘画
维度	维度
绿色	绿色
南山缆车	缆车
山顶缆车	缆车
水晶缆车	缆车
百龙天梯	缆车
缆车	缆车
罚款	罚款
手抓羊肉	羊肉
清真益鑫羊肉手抓馆	羊肉
烤羊排	羊肉
烤羊腿	羊肉
羊肉串	羊肉
羊肉	羊肉
美不胜收	美丽
美丽	美丽
美	美丽
这种美我无法抵挡	美丽
美味	美味
美国	美国
在路上遇到女神	美女
女神	美女
带着美女主播去巴厘岛	美女
睡美人	美女
美女	美女
胸部	美女
艳女	美女
天堂	美好
惬意	美好
温暖	美好
美好	美好
舒服	美好
国立台湾美术馆	美术馆
布鲁塞尔美术宫	美术馆
梵高美术馆	美术馆
苏州美术馆	美术馆
郑州美术馆	美术馆
一道菜证明你是哪里人	美食
吃在香港	美食
吃	美食
吃货	美食
吃货自由行	美食
吃饭	美食
味道	美食
土豆	美食
好吃	美食
小宅吃记	美食
当地美食	美食
必吃	美食
成都美食	美食
招牌菜推荐	美食
晒晒香港吃过的美食	美食
最奇葩美食	美食
泰国菜	美食
深巷子美食推荐	美食
清迈美食攻略	美食
潮汕美食	美食
牛排	美食
特色美食	美食
特色菜	美食
绝世美食	美食
美食推荐	美食
美食攻略	美食
美食	美食
脏鸭餐	美食
舌尖上的中国	美食
食物	美食
饮食男女	美食
饮食	美食
香港美食	美食
鲜得来	美食
美食节	美食节
中山路	美食街
南山泉水鸡一条街	美食街
台湾小吃街	美食街
啤酒城	美食街
啤酒街	美食街
官也街	美食街
小吃街	美食街
美食街	美食街
芭东酒吧街	美食街
西安回民街	美食街
青岛啤酒街	美食街
青岛国际啤酒城	美食街
鸡排街	美食街
老人	老人
上海城隍庙	老区
老区	老区
老城区	老区
阿培尔顿	老区
老师	老师
1933老场坊	老建筑
德式建筑	老建筑
老建筑	老建筑
海草房	老房子
老房子	老房子
老板	老板
老板娘	老板娘
老虎	老虎
Shikemichi老街区	老街
七宝老街	老街
七里山塘景区	老街
上海老街	老街
东关街	老街
九份老街	老街
北广济街	老街
南翔老街	老街
南锣鼓巷	老街
古街	老街
四方街	老街
大理洋人街	老街
太平街	老街
安徽孔城老街	老街
宽巷子	老街
宽窄巷子	老街
山塘老街	老街
山塘街	老街
平江路历史街区	老街
平江路	老街
昙华林	老街
河坊街	老街
泰州老街	老街
洛阳老街	老街
淡水老街	老街
烟袋斜街	老街
窄巷子	老街
老街	老街
重庆十八梯	老街
锦里	老街
长泾老街	老街
黄山屯溪老街	老街
龙头左巷	老街
老鼠	老鼠
职人	职人
肉食	肉食
背包	背包
背包客	背包客
胜地	胜地
腊肉	腊肉
自助	自助
全餐	自助餐
自助餐	自助餐
内蒙古	自治区
呼和浩特	自治区
威宁彝族回族苗族自治县	自治区
宁夏	自治区
新疆	自治区
漾濞彝族自治县	自治区
澳门	自治区
甘南	自治区
自治区	自治区
融水苗族自治县	自治区
西藏	自治区
金秀	自治区
阿坝州	自治区
阿拉善右旗	自治区
阿拉善盟	自治区
阿拉善	自治区
山水	自然
自然	自然
自然遗产	自然遗产
公共自行车	自行车
截链器	自行车
捷安特	自行车
租自行车	自行车
自行车	自行车
座驾	自驾
自驾游	自驾
自驾游记	自驾
自驾线路	自驾
自驾	自驾
自驾装备	自驾
航拍	航拍
航海	航海
中转	航班
亚航	航班
红眼航班	航班
聊聊航班延误的事儿	航班
航班交通	航班
航班延误	航班
航班	航班
虎航	航班
转机	航班
东方航空	航空公司
乐桃航空	航空公司
亚洲航空	航空公司
亚航官网	航空公司
亚航	航空公司
仁川	航空公司
国泰航空	航空公司
土耳其航空	航空公司
大韩航空	航空公司
宿务航空	航空公司
廉航	航空公司
捷星	航空公司
捷星航空	航空公司
春秋航空	航空公司
曼谷航空	航空公司
法航	航空公司
老虎航空	航空公司
航空公司	航空公司
航空	航空公司
菲律宾快运航空	航空公司
酷航	航空公司
阿提哈德航空	航空公司
阿联酋航空	航空公司
韩亚	航空公司
韩亚航空	航空公司
香港航空	航空公司
鸟航	航空公司
摆渡船票	船票
船票价格	船票
船票	船票
色彩	色彩
色情	色情
艳遇	艳遇
酒吧艳遇	艳遇
壁画	艺术
油画	艺术
清明上河图	艺术
艺术品	艺术
艺术	艺术
艺术家	艺术家
艺术节	艺术节
奇幻艺术馆	艺术馆
なら工藝館	艺术馆
木雕艺术天堂	艺术馆
美术馆	艺术馆
艺术中心	艺术馆
艺术馆	艺术馆
蓬皮杜中心	艺术馆
西洋美术馆	艺术馆
香港艺术馆	艺术馆
万圣节	节日
中秋节	节日
圣诞节	节日
春节	节日
泼水节	节日
节日	节日
跨年	节日
节肢动物	节肢动物
兰花园	花园
杜乐丽花园	花园
波波里花园	花园
滨海湾花园	花园
花园	花园
菽庄花园	花园
花生油	花生油
向日葵	花草
杜鹃	花草
格桑花	花草
桂花	花草
桃花	花草
梅花	花草
樱花	花草
油菜花	花草
熏衣草	花草
玉兰花	花草
王莽乡赏荷花	花草
紫荆	花草
花	花草
花草	花草
薰衣草	花草
赏樱	花草
郁金香	花草
雏菊	花草
鲁冰花	花草
MOMA	英文名
英文名	英文名
烈士	英雄
英雄	英雄
世界	范围
全国	范围
全球	范围
范围	范围
茴香	茴香
茶叶	茶叶
茶园	茶园
龙井村	茶园
下午茶最佳时间	茶点
下午茶	茶点
凤梨酥	茶点
半岛酒店下午茶	茶点
点心	茶点
茶点	茶点
酥油茶	茶点
馅饼	茶点
仓姑寺甜茶馆	茶馆
光明港琼甜茶馆	茶馆
茶馆	茶馆
乌兰布统	草原
内蒙古大草原	草原
呼伦贝尔大草原	草原
呼伦贝尔	草原
呼伦贝尔草原	草原
坝上	草原
塔公草原	草原
塞罕坝	草原
巴彦呼硕草原旅游区	草原
巴音布鲁克	草原
张北	草原
昭苏	草原
木兰围场	草原
桑科草原	草原
沽源	草原
祁连草原	草原
红原—若尔盖大草原	草原
红山军马场	草原
若尔盖	草原
草原	草原
草沿天路	草原
那拉提景区	草原
那拉提	草原
闪电河	草原
草场	草场
草海	草海
丹霞地貌	荒漠
张掖丹霞地貌	荒漠
荒漠	荒漠
创可贴	药品
红景天	药品
药品	药品
林芝	药材
药材	药材
药物	药物
菜籽油	菜籽油
菜饭	菜饭
萝莉	萝莉
营业时间	营业时间
珠峰大本营	营地
营地	营地
不可错过	著名
有名	著名
著名	著名
蒸点	蒸点
蓝天白云	蓝天
蓝天	蓝天
蓝色	蓝色
胡萝卜	蔬菜
萝卜	蔬菜
蔬菜	蔬菜
五明佛学院	藏教
塔公寺	藏教
强巴佛	藏教
灵塔殿	藏教
灵塔	藏教
磕长头	藏教
色达县	藏教
色达喇荣五明佛学院	藏教
色达喇荣佛学院	藏教
藏传佛教	藏教
藏教	藏教
蚌普寺	藏教
青朴修行地	藏教
变形金刚	虚拟人物
哈利波特	虚拟人物
圣诞老人	虚拟人物
白骨精	虚拟人物
虚拟人物	虚拟人物
蜗牛	蜗牛
蜜月	蜜月
坑爹的拉杆箱	行李
托运行李	行李
行李寄存	行李
行李托运	行李
行李箱	行李
行李	行李
随身行李	行李
三里屯	街区
上下九步行街	街区
九龙	街区
八大关	街区
唐人街	街区
城隍庙	街区
岗顶前地	街区
布鲁克林区	街区
新加坡小印度	街区
新城区	街区
新宿区	街区
旺角	街区
沙巴市区	街区
沙田区	街区
油麻地	街区
涩谷	街区
淮海路	街区
牛车水	街区
茨厂街	街区
街区	街区
诺丁山	街区
铜锣湾	街区
陆家嘴	街区
青岛八大关	街区
九曲花街	街道
八廓街	街道
八角街	街道
华尔街	街道
南京东路	街道
南京西路	街道
南山路	街道
哈尔滨中央大街	街道
回民街	街道
多伦路文化名人街	街道
大街	街道
好莱坞星光大道	街道
曼谷唐人街	街道
爱之路	街道
爱情巷	街道
班霍夫大街	街道
胶州路	街道
花王堂街	街道
街道	街道
长康路	街道
香榭丽舍大街	街道
香榭丽舍	街道
哈尔滨关道	衙门
平遥县衙	衙门
衙门	衙门
口罩	衣物
御寒	衣物
手套	衣物
着装建议	衣物
着装	衣物
穿着	衣物
羽绒服	衣物
衣服	衣物
衣物	衣物
裙子	衣物
防寒	衣物
show	表演
表演	表演
出行装备	装备
器材	装备
基本装备	装备
必备物品	装备
必需品	装备
旅行装备	装备
行前准备	装备
装备	装备
随行装备	装备
法餐	西餐
西餐	西餐
雅克红房子	西餐
杂谈	见闻
见闻	见闻
南山海上观音	观音
南海海上观音苑	观音
南海观音	观音
海上观音	观音
观音像	观音
观音堂	观音
观音寺	观音
观音岛	观音
观音	观音
观音阁	观音
金川观音桥	观音
交警	警察
武警	警察
警察	警察
行车记录仪	记录仪
记录仪	记录仪
记忆	记忆
许愿	许愿
经济论坛	论坛
论坛	论坛
设计师	设计师
设计酒店	设计酒店
壮游卡	证件
港澳通行	证件
证件	证件
身份证	证件
通行证	证件
驾照	证件
试吃	试吃
中文	语言
日语	语言
法语	语言
英文	语言
英语常用句	语言
英语	语言
语言	语言
语言问题	语言
读书	读书
情人谷	谷
槟榔谷	谷
玫瑰谷	谷
蓝月谷	谷
谷	谷
长寿谷	谷
三鲜豆皮	豆制品
豆制品	豆制品
豆皮	豆制品
豆腐花	豆制品
豆奶	豆奶
红豆	豆子
豆子	豆子
豆浆	豆浆
毛豆腐	豆腐
罗记臭豆腐	豆腐
臭豆腐	豆腐
豆腐	豆腐
金鼎臭豆腐	豆腐
黑色经典	豆腐
奢华	豪华
豪华	豪华
AED	货币
人民币	货币
兑换	货币
卢比	货币
印尼盾	货币
换汇	货币
日元	货币
欧元	货币
泰铢兑换	货币
泰铢	货币
港币	货币
硬币	货币
纪念币	货币
纸币	货币
美元	货币
英镑	货币
货币兑换提示	货币
货币	货币
马币	货币
Shopping	购物
买瓷器	购物
小店	购物
抢购秘籍	购物
明洞Converse定制	购物
海港城	购物
消费	购物
淘宝	购物
牛车水购物区	购物
礼佛用品购买攻略	购物
税费	购物
苹果店	购物
血拼	购物
购买天灯注意事项	购物
购物指南	购物
购物	购物
迪拜购物中心	购物
逛街	购物
香港购物	购物
东南亚旅游贴士	贴士
东南亚旅行贴士	贴士
东南亚贴士	贴士
友情提示	贴士
各种涨姿势	贴士
安全贴士	贴士
建议	贴士
打车小贴士	贴士
旅游小贴士	贴士
贴士	贴士
贴牌	贴牌
上岛费	费用
停车费	费用
各种收费信息	费用
收费	费用
服务费	费用
费用	费用
车费	费用
手册	资料
申报单	资料
资料	资料
威尼斯人酒店	赌场
赌场	赌场
走兽	走兽
7-11	超市
bigC	超市
BIGC	超市
D'MALL	超市
屈臣氏	超市
超市	超市
越野	越野
我与足球相爱的日子	足球
足球	足球
跑酷	跑酷
距离	距离
路程	距离
车程	距离
界碑	路牌
路牌	路牌
路过	路过
跳伞	跳伞
探戈	跳舞
舞蹈	跳舞
芭蕾舞	跳舞
跳舞	跳舞
北京站	车站
泰山站	车站
车站	车站
高铁站	车站
转山	转山
天星小轮	轮渡
轮渡	轮渡
香港轮渡	轮渡
BTS	轻轨
LRT	轻轨
天铁	轻轨
轻轨站	轻轨
轻轨	轻轨
过家家	过家家
运动员	运动员
罗马斗兽场	运动场
运动场	运动场
运动馆	运动馆
京杭大运河	运河
古运河	运河
小樽	运河
小樽运河	运河
运河	运河
美	迷人
迷人	迷人
迷路	迷路
问路	迷路
免税	退税
支付宝退税	退税
机场退税	退税
退税	退税
不要逃票	逃票
逃票	逃票
偶遇	遇见
遇见	遇见
邂逅	遇见
三清殿	道教
伏龙观	道教
八仙庵	道教
太清宫	道教
明圣宫	道教
玉泉院	道教
道教	道教
道观	道教
318国道	道路
翠云廊	道路
路况	道路
路边	道路
道路	道路
青石板路	道路
上林湖越窑遗址	遗址
东门遗址	遗址
南京万人坑	遗址
大唐芙蓉园	遗址
晋祠	遗址
曲江寒窑遗址公园	遗址
林则徐销烟池与虎门炮台旧址	遗址
汶川地震震中映秀遗址	遗址
秦始皇兵马俑	遗址
遗址	遗址
金沙遗址	遗址
颐和园	遗址
遗憾	遗憾
遭遇	遭遇
避孕套	避孕
避孕	避孕
避暑胜地	避暑
避暑	避暑
大清邮局	邮局
大清邮政局	邮局
邮局	邮局
邮戳	邮戳
歌诗达维多利亚号	邮轮
游轮	邮轮
邮轮	邮轮
bar	酒吧
VOX酒吧	酒吧
西街	酒吧
酒吧街	酒吧
酒吧	酒吧
张裕爱斐堡酒庄	酒庄
酒庄	酒庄
4星级酒店	酒店
7天连锁酒店	酒店
hotel	酒店
IBIS	酒店
resort	酒店
Tjampuhan	酒店
Traders	酒店
七星级帆船酒店	酒店
万豪	酒店
三星级酒店	酒店
上海外滩悦榕庄	酒店
五星级酒店	酒店
亚洲海湾大酒店	酒店
仁安悦榕庄	酒店
仙足岛假日酒店	酒店
公寓式	酒店
半岛酒店	酒店
南园宾馆	酒店
四星级酒店	酒店
四星	酒店
埃吕斯套房酒店	酒店
境外酒店	酒店
大成国际大酒店	酒店
如何选择酒店	酒店
宾馆	酒店
巴黎酒店	酒店
帆船酒店	酒店
希尔顿	酒店
悦榕庄	酒店
房间	酒店
新驛旅店台北車站前站店Cityinn	酒店
星级酒店	酒店
普吉机场过渡酒店	酒店
曼谷城市酒店	酒店
最佳酒店选址	酒店
柏悦度假酒店	酒店
格林豪泰酒店	酒店
港丽酒店	酒店
滨海湾金沙酒店	酒店
澳莱英京酒店	酒店
澳門威尼斯人度假村酒店	酒店
澳门威尼斯人大酒店	酒店
澳门悦榕庄	酒店
爱琴海康年	酒店
璞丽酒店	酒店
索菲特	酒店
美高梅大酒店	酒店
花间堂	酒店
莱佛士酒店	酒店
豪华酒店	酒店
迪士尼乐园酒店	酒店
酒店	酒店
酒店集团	酒店
酒店预定	酒店
金沙酒店	酒店
铂尔曼	酒店
长安大酒店	酒店
阳朔君豪大酒店	酒店
雅高	酒店
agoda	酒店预订
booking	酒店预订
订房	酒店预订
酒店比价	酒店预订
酒店预订网站	酒店预订
酒店预订	酒店预订
酒窖	酒窖
酸奶	酸奶
青海老酸奶	酸奶
里面	里面
野菜	野菜
野餐	野餐
金属	金属
钓鱼	钓鱼
北京钟楼	钟楼
大本钟	钟楼
大钟	钟楼
埃菲尔铁塔	铁塔
自由女神像	铁塔
艾菲尔铁塔	铁塔
铁塔	铁塔
火车道	铁路
铁路	铁路
青藏铁路	铁路
ATM取款机	银行
ATM	银行
中国银行	银行
人民币兑换	银行
华夏银行	银行
取现	银行
汇丰银行	银行
银联	银行
银行	银行
错过	错过
彰化客运	长途汽车
长途汽车	长途汽车
免票	门票
免门票	门票
南山一棵树售票处	门票
巴松措售票处	门票
景点门票	门票
门票信息	门票
门票	门票
青海湖售票处	门票
我和闺蜜一起放肆	闺蜜
闺蜜	闺蜜
晒伤	防晒
海边防晒	防晒
防晒衣	防晒
防晒装备	防晒
防晒	防晒
防晒霜	防晒
防虫	防虫
防蚊虫	防虫
防蚊	防虫
台阶	阶梯
楼梯	阶梯
石梯	阶梯
阶梯	阶梯
中山陵	陵墓
墓葬	陵墓
明孝陵	陵墓
昭陵	陵墓
秦始皇陵	陵墓
西夏王陵	陵墓
陵墓	陵墓
必带物件	随身物品
晒出你的小物件	随身物品
晒晒旅行中必带物品	随身物品
随身物品	随身物品
障碍	障碍
二郎山隧道	隧道
外滩观光隧道	隧道
芙蓉隧道	隧道
隧道	隧道
难吃	难吃
阿富汗难民营	难民营
难民营	难民营
难看	难看
market	集市
东阳中国木雕城	集市
乍都乍周末市场	集市
农贸市场	集市
喀什大巴扎	集市
小吃夜市	集市
市集	集市
波多贝洛集市	集市
迪拜鱼市	集市
集市	集市
佛列德雕像	雕像
圣淘沙公园的鱼尾狮像	雕像
里约热内卢基督像	雕像
雕像	雕像
北山石刻	雕刻
雕刻	雕刻
撒尿小童	雕塑
沙雕	雕塑
雕塑	雕塑
雨伞	雨具
雨具	雨具
雨衣	雨具
汛期	雨季
雨季	雨季
五指山热带雨林风景区	雨林
呀诺达雨林	雨林
热带雨林	雨林
雨林	雨林
雪	雪
三号营地	雪山
卡瓦格博峰	雪山
喜马拉雅山脉	雪山
喜马拉雅山	雪山
安娜普尔纳	雪山
梅里雪山	雪山
玉龙雪山	雪山
白茫雪山	雪山
西岭雪山	雪山
贡嘎雪山	雪山
雪宝顶	雪山
雪山	雪山
雪橇	雪橇
平台	露台
观景台	露台
露台	露台
顶楼	露台
大罗山	露营
宿营	露营
露营	露营
杨枝甘露	露饮
甜品	露饮
西米露	露饮
露饮	露饮
霸气	霸气
青少年	青少年
青年	青少年
国际青旅	青年旅舍
宇多野青年旅舍	青年旅舍
小花国际青年旅舍	青年旅舍
考拉国际青旅	青年旅舍
贡嘎国际青年旅舍	青年旅舍
青年旅舍	青年旅舍
青年旅馆	青年旅舍
青旅	青年旅舍
青春	青春
青色	青色
青蛙	青蛙
三明治	面包
华夫饼	面包
披萨	面包
法棍	面包
菠萝油	面包
面包	面包
凉皮	面食
柿饼	面食
水饺	面食
汤包	面食
炸酱面	面食
羊肉泡馍	面食
老孙家泡馍	面食
肉夹馍	面食
酸菜炒米	面食
面食	面食
东吴面馆	面馆
和泰面馆	面馆
德兴面馆	面馆
面馆	面馆
石锅拌饭	韩国料理
韩国料理	韩国料理
韩餐	韩国料理
七里香	音乐
原创音乐	音乐
小曲	音乐
长恨歌	音乐
音乐	音乐
音乐剧	音乐剧
音乐厅	音乐厅
蓝牙音响	音响
音响	音响
车顶	顶上
金顶	顶上
顶上	顶上
大使馆	领事馆
总领事馆	领事馆
英国领事馆旧址	领事馆
领事馆	领事馆
彩色	颜色
颜色	颜色
藏区禁忌	风俗
藏区风俗	风俗
风俗习惯	风俗
风俗	风俗
美景	风光
风光	风光
风土人情	风土人情
情趣	风情
风情	风情
景色	风景
美景	风景
美	风景
风景	风景
风月	风月
风花雪月	风月
风车	风车
飙车	飙车
亚航	飞机
值机	飞机
头等舱	飞机
廉价航空	飞机
托运	飞机
水上飞机	飞机
空姐	飞机
航空	飞机
飞往	飞机
飞机	飞机
飞机餐	飞机
飞艇	飞艇
苍蝇	飞虫
萤火虫故乡	飞虫
萤火虫	飞虫
蚊子	飞虫
飞虫	飞虫
大雁	飞鸟
天鹅	飞鸟
飞鸟	飞鸟
材料	食材
食材	食材
酥油	食用油
食用油	食用油
798餐厅	餐厅
上海古猗园餐厅	餐厅
兰芳园	餐厅
娜玛瑟德餐厅	餐厅
小星星餐馆	餐厅
故宫晶华	餐厅
查莫罗餐厅	餐厅
樱花餐厅	餐厅
粤新茶餐厅	餐厅
翠华餐厅	餐厅
芙蓉餐厅	餐厅
茶餐厅	餐厅
蓝象餐厅	餐厅
赵小姐的店	餐厅
阿甘虾	餐厅
阿甘虾餐厅	餐厅
餐厅	餐厅
用餐	餐饮
粗茶淡饭	餐饮
餐饮	餐饮
丽江王府饭店	饭店
侯爵饭店	饭店
保罗酒楼	饭店
和平饭店	饭店
小绍兴	饭店
百家鸡味馆	饭店
美达尔烧烤店	饭店
菜单墙	饭店
餐馆	饭店
饭店	饭店
凉水	饮品
矿泉水	饮品
饮品	饮品
饮料	饮品
品酒	饮酒
喝酒	饮酒
饮酒	饮酒
八珍煎饺	饺子
饺子	饺子
南翔馒头店	馒头
馒头	馒头
香料	香料
马车	马车
骑大象	骑大象
单车旅行	骑行
环湖游	骑行
骑行杂谈	骑行
骑行游记	骑行
骑行线路	骑行
骑行装备	骑行
骑行课堂	骑行
骑行	骑行
单骑	骑车
骑车	骑车
不建议骑马	骑马
忘带帽子去茶马古道骑马	骑马
骑马	骑马
滑沙	骑骆驼
骆驼	骑骆驼
骑骆驼	骑骆驼
骑鸵鸟	骑鸵鸟
上当	骗子
宰客	骗子
常用骗术	骗子
旅行骗局	骗子
曼谷骗术	骗子
缺斤少两	骗子
街头骗术	骗子
被骗	骗子
防骗	骗子
骗子	骗子
骗局	骗子
黑车骗术	骗子
大吉岭	高原
高原	高原
最大	高大
最高	高大
高大	高大
高富帅	高富帅
珠海高尔夫山庄	高尔夫球
高尔夫球会	高尔夫球
高尔夫球场	高尔夫球
高尔夫球	高尔夫球
高山	高山
鱼嘴	鱼
鱼	鱼
鱼群风暴	鱼群
鱼群	鱼群
大白鲨	鲨鱼
鲨鱼	鲨鱼
鲸鲨	鲨鱼
鸡尾酒	鸡尾酒
土俗村参鸡汤	鸡汤
百济参鸡汤	鸡汤
春川辣炒鸡排	鸡肉
熊猫阿姨鸡爪	鸡肉
鸡肉	鸡肉
鸭肉	鸭肉
黄色	黄色
黑色	黑色
石斑鱼	龙虾
虾	龙虾
龙虾	龙虾
