美食	美食
吃货	美食
吃饭	美食
味道	美食
土豆	美食
好吃	美食
当地美食	美食
必吃	美食
招牌菜推荐	美食
最奇葩美食	美食
泰国菜	美食
牛排	美食
特色美食	美食
特色菜	美食
绝世美食	美食
美食推荐	美食
美食攻略	美食
舌尖上的中国	美食
食物	美食
饮食男女	美食
饮食	美食
香港美食	美食
鲜得来	美食
川菜	美食
粤菜	美食
湘菜	美食
鲁菜	美食
东北菜	美食
北京菜	美食
闽菜	美食
江苏菜	美食
清真菜	美食
自然  自然
野生动物  自然
岩石  自然
森林  自然
沙滩  自然
鸟语  自然
风声  自然
钟声  自然
水声  自然
季节  自然
光照  自然
植被  自然
地貌  自然
气候  自然
阳光  自然
极光  自然
佛光  自然
光线  自然
江河  自然
湖海  自然
飞瀑  自然
流泉  自然
冰山  自然
雪峰  自然
草原  自然
地质  自然
沙漠  自然
湿地  自然
沼泽  自然
高山  自然
盆地  自然
海岛  自然
大海  自然
都市 都市
酒店 都市
上海 都市
北京 都市
广州 都市
伦敦 都市
巴黎 都市
纽约 都市
华盛顿 都市
芝加哥 都市
柏林 都市
慕尼黑 都市
东京 都市
首尔 都市
购物 都市
商务 都市
会议 都市
购买 购物
书店  购物
精品店 购物
药房 购物
宠物品 购物
超级市场 购物
时尚 购物
品牌 购物
消费品 购物
电子商务 购物
电话 购物
邮寄 购物
订货 购物
逛街 购物
送货上门 购物
服务人员 购物
消费者 购物
衣食住行 购物
服装 购物
汽车 购物
日用品 购物
材料 购物
图书 购物
时尚型 购物
时尚品 购物
选购 购物
奢侈品 购物
化妆品 购物
家居用品 购物
装饰品 购物
服装 购物
鞋帽 购物
箱包 购物
产品 购物
海岛 海岛
海水 海岛
海洋 海岛
岛屿 海岛
潮汐 海岛
为大陆岛 海岛
列岛 海岛
群岛 海岛
陆连岛 海岛
特大岛 海岛
舟山群岛 海岛
台湾岛 海岛
长山列岛 海岛
南海诸岛 海岛
长山群岛 海岛
大岛 海岛
中岛 海岛
小岛 海岛
河口岛 海岛
湾内岛 海岛
海内岛 海岛
海外岛  海岛
南沙群岛 海岛
格陵兰岛 海岛
夏威夷 海岛
马尔代夫 海岛
巴厘岛 海岛
普吉岛 海岛
关岛 海岛
冲绳岛 海岛
钓鱼岛 海岛
中途岛 海岛
硫磺岛 海岛
爪哇岛 海岛
百慕大群岛 海岛
西西里岛 海岛
塞舌尔 海岛
度假 度假
度假村 度假
休闲娱乐 度假
假日 度假
假期 度假
餐饮 度假
住宿 度假
体育活动 度假
娱乐 度假
购物 度假
赌博 度假
度假区 度假
蜜月 蜜月
结婚 蜜月
新婚 蜜月
新郎 蜜月
新娘 蜜月
浪漫 蜜月
阳光 蜜月
沙滩 蜜月
椰林 蜜月
鸡蛋花 蜜月
马尔代夫 蜜月
南非 蜜月
毛里求斯 蜜月
二人世界 蜜月
新人 蜜月
塞舌尔 蜜月
两个人 蜜月
马来西亚沙巴 蜜月
鼓浪屿 蜜月
丽江 蜜月
亚龙湾 蜜月
大理古城 蜜月
巴黎 蜜月
亲子 亲子
孩子 亲子
家庭 亲子
双亲 亲子
亲子教育 亲子
儿童 亲子
父母 亲子
子女 亲子
成长 亲子
亲子关系 亲子
身心健康 亲子
5岁 亲子
咀嚼 亲子
吞咽 亲子
梦工厂 亲子
玩乐体验 亲子
童心 亲子
好奇心 亲子
大人和小孩 亲子
大人小孩 亲子
儿童年龄 亲子
漫画人物 亲子
蓝精灵 亲子
丁丁 亲子
动漫人物 亲子
家庭游戏 亲子
增长见识 亲子
一家大小 亲子
天伦之乐 亲子
婴儿 亲子
幼托中心 亲子
婴儿车 亲子
亲子游 亲子
小朋友 亲子
青少年活动中心 亲子
古镇 古镇
同里 古镇
周庄 古镇
锦溪 古镇
甪直 古镇
枫桥 古镇
景德镇 古镇
樟树镇 古镇
河口镇 古镇
吴城镇　 古镇　
西塘 古镇
乌镇 古镇
南浔 古镇
龙门 古镇
郭洞 古镇
俞源 古镇
诸葛村 古镇
历史悠久 古镇
丽江 古镇
大理 古镇
磁器口 古镇
寺院 古镇
千年古街 古镇
千年古镇 古镇
人文 人文
人文景观 人文
文化景观 人文
服饰 人文
建筑 人文
音乐 人文
城堡 人文
宫殿 人文
历史 人文
摩崖石刻 人文
神话传说 人文
人文掌故 人文
名胜古迹 人文
文物 人文
民间习俗 人文
民族特色 人文
祖庙 人文
社稷坛 人文
人文始祖 人文
圣人先贤 人文
庙宇 人文
祠堂等 人文
宗祠 人文
祭祀 人文
城隍庙 人文
龙王庙 人文
关帝庙 人文
妈祖庙 人文
会馆建筑 人文
会馆 人文
楼阁建筑 人文
楼阁 人文
古楼 人文
黄鹤楼 人文
岳阳楼 人文
滕王阁 人文
亭台建筑 人文
纪念亭 人文
古城墙 人文
护城河 人文
瓮城 人文
箭楼 人文
城楼 人文
古城墙 人文
桥梁 人文
古村落 人文
墓穴 人文
寝殿 人文
陵墓 人文
青铜器 人文
雕塑 人文
绘画 人文
古典园林 人文
佛教 人文
道教 人文
民俗 人文
古都 人文
摄影 摄影
照相机 摄影
数码照相机 摄影
静物摄影 摄影
人物摄影 摄影
景物摄影 摄影
拍摄 摄影
构图 摄影
光线 摄影
影调 摄影
色彩 摄影
透视关系 摄影
平面图案 摄影
肖像 摄影
影坛 摄影
曝光 摄影
感光度 摄影
测光表 摄影
阳光充足 摄影
光圈 摄影
ISO 摄影
快门 摄影
单反  摄影
微单  摄影
莱卡  摄影
拍照  摄影
自驾 自驾
自驾车旅游 自驾
自驾车 自驾
驾驶  自驾
自驾游 自驾
轿车 自驾
越野车 自驾
房车 自驾
摩托车 自驾
自行车 自驾
租贷 自驾
车主 自驾
租车公司 自驾
户外 户外
探险 户外
极限运动 户外
骑行 户外
越野 户外
登山 户外
露营 户外
穿越 户外
攀岩 户外
蹦极 户外
漂流 户外
冲浪 户外
滑翔 户外
滑水 户外
攀冰 户外
定向 户外
远足 户外
滑雪 户外
潜水 户外
滑草 户外
真人cs 户外
高山速降自行车 户外
越野山地车 户外
热气球 户外
溯溪 户外
飞行滑索 户外
背包客 户外
潜水 潜水
潜水员 潜水
潜水装置 潜水
头盔 潜水
输气管 潜水
潜水衣 潜水
脚蹼 潜水
大海 潜水
浮潜 潜水
浮游 潜水
屏气潜水 潜水
潜水 潜水
水肺潜水 潜水
氧气瓶 潜水
硬式潜水 潜水
软式潜水 潜水
坐船 潜水
珊瑚礁 潜水
海岸 潜水
滑雪 滑雪
雪地 滑雪
滑雪板 滑雪
高山滑雪 滑雪
小回转 滑雪
大回转 滑雪
障碍滑雪 滑雪
滑雪杖 滑雪
滑雪 滑雪
自由滑雪  滑雪
越野滑雪  滑雪
高山滑雪  滑雪
单板滑雪  滑雪
跳台滑雪  滑雪
骑行 骑行
自行车 骑行
骑友 骑行
川藏线 骑行
捷安特 骑行
公路 骑行
美利达 骑行
单车 骑行
折叠自行车 骑行

